session_name,day,trial,camera,phase,ID,treatment,information,duration_s,total_time_moving,prop_time_moving,latency_to_moving,mean_velocity_cm,reaction_time_ind1,reaction_distance_from_dems,reaction_time_ind2,reaction_time_ind3,reaction_time_ind4,reaction_time_demonstrators,prop_time_moving_ind2,prop_time_moving_ind3,prop_time_moving_ind4,prop_time_moving_demonstrators,latency_to_moving_ind2,latency_to_moving_ind3,latency_to_moving_ind4,latency_to_moving_demonstrators,total_time_near_edge,prop_time_near_edge,mean_dist_to_edge_cm,total_time_near_demonstrator,prop_time_near_demonstrator,mean_dist_to_top_cm,recovery_time,returned_to_baseline,recovery_similarity_before,recovery_similarity_after,baseline_velocity_mean,baseline_velocity_sd,baseline_prop_moving_mean,baseline_prop_moving_sd,recovery_time_ind2,returned_to_baseline_ind2,baseline_prop_moving_sd_ind2,recovery_time_ind3,returned_to_baseline_ind3,baseline_prop_moving_sd_ind3,recovery_time_ind4,returned_to_baseline_ind4,baseline_prop_moving_sd_ind4,recovery_time_demonstrators,time_near_edge_pre_recovery,time_near_demonstrator_pre_recovery,time_moving_pre_recovery,mean_dist_to_edge_pre_recovery,mean_dist_to_demonstrator_pre_recovery,weight,demonstrator_id,duration_m
d1-t1-TZ1-b-1TX2-d,1,1,1,baseline,1TX2-d,TX,IA,1200,18.5,0.925,0,1.2188137143229862,19,1.0573750353681777,443,188,368,333,0.9241666666666667,0.9791666666666666,0.7983333333333333,0.9005555555555556,0,0,0,0,17.966666666666665,0.8983333333333333,1.6638380337734437,17.133333333333333,0.8566666666666667,2.142769835653758,NA,NA,NA,NA,NA,NA,NA,NA,NA,NA,NA,NA,NA,NA,NA,NA,NA,NA,NA,NA,NA,NA,NA,0.1237,39,20
d1-t1-TZ1-t-1TX2-d,1,1,1,trial,1TX2-d,TX,IA,5401,42.95,0.47713386409924086,32.016666666666666,0.563125266360634,0,2.0319694459016127,3,1,3,2.3333333333333335,0.5758192927235697,0.6552490279577856,0.6474726902425477,0.6261803369746344,27.35,0.7333333333333333,0,9.361111111111112,55.916666666666664,0.6211812627291242,2.725498001322568,47.666666666666664,0.5295315682281059,3.549989314781292,67.18333333333334,TRUE,0.6057229486504874,0.839269125726835,1.3320752125728732,1.0983455913345945,0.904444444444445,0.2941442258632669,76.05,TRUE,0.2571471385764715,58.333333333333336,TRUE,0.15451032206384774,58.36666666666667,TRUE,0.4343876490388669,64.25,30.95,22.7,20.233333333333334,3.338353868804822,4.481927978715086,0.1237,39,90.01666666666667
d1-t1-TZ10-b-1TX2-d,1,1,10,baseline,1TX2-d,TX,IA,1200,19.016666666666666,0.9508333333333333,0,0.8130356115055641,78,1.0220857686944913,545,8,1055,536,0.9683333333333334,0.9633333333333334,0.9791666666666666,0.9702777777777778,0,0,0,0,14.583333333333334,0.7291666666666666,2.232492966450164,13.266666666666667,0.6633333333333333,3.227182334545803,NA,NA,NA,NA,NA,NA,NA,NA,NA,NA,NA,NA,NA,NA,NA,NA,NA,NA,NA,NA,NA,NA,NA,0.1178,3,20
d1-t1-TZ10-t-1TX2-d,1,1,10,trial,1TX2-d,TX,IA,5401,21.266666666666666,0.23625254582484725,33.56666666666667,0.2955113432656653,5,5.836143774540095,0,6,4,3.3333333333333335,0.2547676356230328,0.4836141455286058,0.14330679503795593,0.29389619206319817,8.833333333333334,24.416666666666668,54.733333333333334,29.32777777777778,88.98333333333333,0.988520644325125,1.2759370366410603,73.61666666666666,0.8178115163858545,1.6900153269785614,76.75,TRUE,0.5222381836755806,0.8450104362918884,0.8452353629631797,0.7827671494267835,0.9577777777777774,0.2012075767418484,NA,FALSE,0.20120757674184758,76.61666666666666,TRUE,0.16758737162718573,NA,FALSE,0.1644269232098492,76.61666666666666,75.51666666666667,61.3,9.133333333333333,1.236942690346051,1.6251555763088594,0.1178,3,90.01666666666667
d1-t1-TZ2-b-1TZ1-i,1,1,2,baseline,1TZ1-i,TZ,IB,1200,10.4,0.52,0,0.4229700553564886,69,1.2074281156077102,104,98,241,147.66666666666666,0.8183333333333334,0.355,0.8341666666666666,0.6691666666666667,0,0,0,0,14.216666666666667,0.7108333333333333,2.6640980711041706,12,0.6,4.561809937355851,NA,NA,NA,NA,NA,NA,NA,NA,NA,NA,NA,NA,NA,NA,NA,NA,NA,NA,NA,NA,NA,NA,NA,0.1369,37,20
d1-t1-TZ2-b-1TY1-d,1,1,2,baseline,1TY1-d,TY,IA,1200,19.716666666666665,0.9858333333333333,0,1.1567744349665845,201,1.0127688836584665,443,15,71,176.33333333333331,0.9941666666666666,0.6641666666666667,0.8941666666666667,0.8508333333333333,0,0.43333333333333335,0,0.14444444444444446,19.4,0.97,1.3330766534746787,19.383333333333333,0.9691666666666666,1.3344893422136461,NA,NA,NA,NA,NA,NA,NA,NA,NA,NA,NA,NA,NA,NA,NA,NA,NA,NA,NA,NA,NA,NA,NA,0.1216,11,20
d1-t1-TZ2-t-1TZ1-i,1,1,2,trial,1TZ1-i,TZ,IB,5401,26.916666666666668,0.29901870024069616,24.8,0.29748613435341575,0,1.235924485611438,15,0,0,5,0.10738752082947603,0.4088131827439363,0.38715052768005925,0.30111707708449054,47.86666666666667,35.46666666666667,31.9,38.41111111111111,69.8,0.7754119607480097,2.166706645809124,66.28333333333333,0.7363451212738382,2.544012222906413,26.383333333333333,TRUE,0.8060030127573751,0.839460874044632,0.3158761046950983,0.49089601760408735,0.39444444444444376,0.48900277883774945,NA,FALSE,0.2939930612496888,38.3,TRUE,0.4899602733618635,NA,FALSE,0.4059424491607789,38.3,24.65,24.65,0.3333333333333333,1.2378844589188653,1.2378844589188653,0.1369,37,90.01666666666667
d1-t1-TZ2-t-1TY1-d,1,1,2,trial,1TY1-d,TY,IA,5401,40.666666666666664,0.45176819107572674,3.9166666666666665,0.4400125820071304,3,1.3220440340691169,0,3,0,1,0.44584336234030736,0.38122569894463987,0.4075171264580633,0.4115287292476702,30.116666666666667,34.56666666666667,39.06666666666667,34.583333333333336,43.81666666666667,0.48676171079429736,2.794081682764533,42.5,0.4721347898537308,3.146414968275438,75.45,TRUE,0.7187518711844213,0.8880699315031051,1.184786594393052,1.043648400036612,0.9922222222222221,0.08789691831157503,78.2,TRUE,0.06655533900758186,60.93333333333333,TRUE,0.473215347173352,NA,FALSE,0.19606813643937002,69.56666666666666,29.016666666666666,27.716666666666665,25,3.0536749314456753,3.4670793709005365,0.1216,11,90.01666666666667
d1-t1-TZ3-b-1TZ1-i,1,1,3,baseline,1TZ1-i,TZ,IB,1200,14.583333333333334,0.7291666666666666,0,0.642535236589839,21,2.3478429204889597,14,9,622,215,0.9708333333333333,0.9325,0.9475,0.9502777777777778,0,0,0,0,15.816666666666666,0.7908333333333334,1.893205065324465,13.433333333333334,0.6716666666666666,3.5523038033465832,NA,NA,NA,NA,NA,NA,NA,NA,NA,NA,NA,NA,NA,NA,NA,NA,NA,NA,NA,NA,NA,NA,NA,0.1639,1,20
d1-t1-TZ3-b-1TX3-d,1,1,3,baseline,1TX3-d,TX,IA,1200,17.85,0.8925,1.15,1.4678680627529404,0,1.2160056193524988,0,0,6,2,0.8291666666666667,0.6366666666666667,0.8508333333333333,0.7722222222222223,0.6666666666666666,1.1333333333333333,1.6333333333333333,1.1444444444444446,18.75,0.9375,1.2127916502462213,18.216666666666665,0.9108333333333334,1.4494050084210937,NA,NA,NA,NA,NA,NA,NA,NA,NA,NA,NA,NA,NA,NA,NA,NA,NA,NA,NA,NA,NA,NA,NA,0.1209,27,20
d1-t1-TZ3-t-1TZ1-i,1,1,3,trial,1TZ1-i,TZ,IB,5401,41.05,0.4560266617293094,31.066666666666666,0.5380295217158104,0,0.5495158276559649,0,0,0,0,0.533234586187743,0.5574893538233661,0.5537863358637289,0.5481700919582794,5.433333333333334,11.816666666666666,13.783333333333333,10.344444444444443,59.416666666666664,0.6600629513053138,2.398363720394151,53.266666666666666,0.5917422699500092,3.2142289306302554,34.55,TRUE,0.7393698299303025,0.8255377199522262,0.6640688666404867,0.7710707799930305,0.7322222222222234,0.4430473344364368,84.88333333333334,TRUE,0,50.65,TRUE,0.24958252127843,54.45,TRUE,0.2552888830190281,63.327777777777776,20.283333333333335,20.283333333333335,2.933333333333333,2.316684012336569,2.3828409744578196,0.1639,1,90.01666666666667
d1-t1-TZ3-t-1TX3-d,1,1,3,trial,1TX3-d,TX,IA,5009,53.55,0.6414453982830904,23.5,1.131916528748514,2,5.465676944785645,0,18,16,11.333333333333334,0.3613495707726093,0.6112996606109004,0.4773407865841485,0.4833300059892194,24.7,23.9,30.066666666666666,26.22222222222222,62.833333333333336,0.752645238570573,2.2146760192779364,58.266666666666666,0.6979437013375923,2.9443216444430123,35.8,TRUE,0.7601575968258265,0.8460400390659749,1.8233015715889829,1.440165517563962,0.9433333333333325,0.23133312924267402,80.51666666666667,TRUE,0.31717608265477537,35.833333333333336,TRUE,0.45192976683499153,60.75,TRUE,0.22918878613714253,59.03333333333333,17.933333333333334,15.55,10.016666666666667,3.435414072094285,4.561900542847032,0.1209,27,83.48333333333333
d1-t1-TZ4-b-1TZ3-d,1,1,4,baseline,1TZ3-d,TZ,IA,1200,0.7166666666666667,0.035833333333333335,6.133333333333334,0.13084949158363746,0,0.3660242816450711,0,0,0,0,0.365,0.16916666666666666,0.3433333333333333,0.2925,2.15,5.466666666666667,1.95,3.188888888888889,20,1,0.633321519420071,19.933333333333334,0.9966666666666667,0.6536774339480524,NA,NA,NA,NA,NA,NA,NA,NA,NA,NA,NA,NA,NA,NA,NA,NA,NA,NA,NA,NA,NA,NA,NA,0.1446,31,20
d1-t1-TZ4-t-1TZ3-d,1,1,4,trial,1TZ3-d,TZ,IA,5401,0,0,NA,0.11970072074547858,0,0.5634196488516944,0,3,0,1,0.033697463432697645,0.10405480466580264,0.061470098129975934,0.06640745540949207,76.3,74.91666666666667,70.23333333333333,73.81666666666666,90.01666666666667,1,0.6688543418177961,90.01666666666667,1,0.6688543418177961,7.5,TRUE,0.8669204723660198,0.8708651927369145,0.14619032344801688,0.4354051766437822,0.045555555555555544,0.2086351169819424,NA,FALSE,0.4775830054858608,77.01666666666667,TRUE,0.41066459365102237,90.01666666666667,TRUE,0.48058974811611604,83.51666666666667,5.433333333333334,5.433333333333334,0,0.5870331526046834,0.5870331526046834,0.1446,31,90.01666666666667
d1-t1-TZ5-b-1TY1-i,1,1,5,baseline,1TY1-i,TY,IB,1200,17.366666666666667,0.8683333333333333,0,0.6808455169307293,537,2.7520295117985083,159,71,0,76.66666666666667,0.8716666666666667,0.8041666666666667,0.46416666666666667,0.7133333333333334,0,0,0,0,12.616666666666667,0.6308333333333334,2.9174234812903834,6.766666666666667,0.3383333333333333,7.338431298696395,NA,NA,NA,NA,NA,NA,NA,NA,NA,NA,NA,NA,NA,NA,NA,NA,NA,NA,NA,NA,NA,NA,NA,0.1398,29,20
d1-t1-TZ5-b-1TY3-i,1,1,5,baseline,1TY3-i,TY,IB,1200,13.2,0.66,1.45,0.8359155209848641,0,0.837645719926509,23,2,0,8.333333333333334,0.8258333333333333,0.6433333333333333,0.7425,0.7372222222222222,0,0.8,0.9,0.5666666666666667,16.416666666666668,0.8208333333333333,2.086019497087254,13.616666666666667,0.6808333333333333,3.326397436840778,NA,NA,NA,NA,NA,NA,NA,NA,NA,NA,NA,NA,NA,NA,NA,NA,NA,NA,NA,NA,NA,NA,NA,0.1518,5,20
d1-t1-TZ5-t-1TY1-i,1,1,5,trial,1TY1-i,TY,IB,5401,62.13333333333333,0.6902425476763562,8.75,0.9161182126107289,0,5.6399501394124485,0,0,0,0,0.7363451212738382,0.47602295871134975,0.6730235141640437,0.6284638647164106,1.1,25.1,8.333333333333334,11.511111111111111,66.25,0.7359748194778745,2.206631465328567,43.13333333333333,0.4791705239770413,4.042986767644976,23.95,TRUE,0.7971099077932606,0.8708405596998294,0.6363663179150127,0.5026021217435465,0.8244444444444448,0.3806531215061461,27.366666666666667,TRUE,0.3718878606412857,43.233333333333334,TRUE,0.43826801508505137,24.066666666666666,TRUE,0.480589748116116,31.555555555555554,14.983333333333333,5.266666666666667,7.233333333333333,2.6402025456219445,4.656636197172602,0.1398,29,90.01666666666667
d1-t1-TZ5-t-1TY3-i,1,1,5,trial,1TY3-i,TY,IB,5401,46.96666666666667,0.521755230512868,18.933333333333334,0.4755534561516928,0,3.1388964728656905,0,0,0,0,0.7104239955563785,0.6408072579152009,0.5917422699500092,0.6476578411405295,1.75,19.133333333333333,18.066666666666666,12.983333333333333,68.01666666666667,0.7556008146639511,2.029576936583851,51.8,0.575448990927606,3.1091128404997903,20.983333333333334,TRUE,0.6444225472662866,0.8203826026134193,0.8580621550093045,1.2934094394487032,0.6733333333333339,0.4692549653114066,22.133333333333333,TRUE,0.415225910995789,21.116666666666667,TRUE,0.48827052724291276,21.5,TRUE,0.4388781329399517,21.583333333333332,9.733333333333333,1.35,0.65,2.8253221732305978,4.623671015401097,0.1518,5,90.01666666666667
d1-t1-TZ7-b-1TZ3-i,1,1,7,baseline,1TZ3-i,TZ,IB,1200,0.3,0.015,NA,0.1263210385998155,0,4.13664672964324,0,0,935,311.66666666666663,0.23416666666666666,0,0.005833333333333334,0.08,0.8666666666666667,NA,NA,0.8666666666666667,20,1,1.4784430832227502,14,0.7,2.286721404816419,NA,NA,NA,NA,NA,NA,NA,NA,NA,NA,NA,NA,NA,NA,NA,NA,NA,NA,NA,NA,NA,NA,NA,0.242,13,20
d1-t1-TZ7-t-1TZ3-i,1,1,7,trial,1TZ3-i,TZ,IB,5401,16.183333333333334,0.1797815219403814,10.9,0.20076854254284787,0,1.1204212611616533,448,0,2027,825,0.002406961673764118,0.0029624143677096835,5.554526939455656e-4,0.001974942911806456,NA,NA,NA,NA,55.18333333333333,0.6130346232179226,2.515612530802733,49.05,0.5448990927605999,3.2880990977703424,5.266666666666667,TRUE,0.9152956772695731,0.9362375568861596,0.1216918708429987,0.0491260262548839,0.020000000000000073,0.14007784265266376,NA,FALSE,0.49380385982333114,11.666666666666666,TRUE,0,50.583333333333336,TRUE,0.1606696962294052,31.125,3.2,3.2,0,0.9118834943537042,0.9118834943537042,0.242,13,90.01666666666667
d1-t1-TZ8-b-1TX1-i,1,1,8,baseline,1TX1-i,TX,IB,1200,14.95,0.7475,0,0.6072363596023451,88,0.8821424924502609,0,32,NA,16,0.37166666666666665,0.5066666666666667,0,0.2927777777777778,0.95,0,NA,0.475,13.283333333333333,0.6641666666666667,2.5983295044747448,5.95,0.2975,7.099234398417797,NA,NA,NA,NA,NA,NA,NA,NA,NA,NA,NA,NA,NA,NA,NA,NA,NA,NA,NA,NA,NA,NA,NA,0.1195,33,20
d1-t1-TZ8-b-1TX3-i,1,1,8,baseline,1TX3-i,TX,IB,1200,15.25,0.7625,0.9333333333333333,0.6541238651429577,0,3.3779013997870164,13,0,305,106,0.9758333333333333,0.9875,0.965,0.9761111111111112,0,0,0,0,7.466666666666667,0.37333333333333335,3.949941220179579,5.066666666666666,0.25333333333333335,5.940247742292016,NA,NA,NA,NA,NA,NA,NA,NA,NA,NA,NA,NA,NA,NA,NA,NA,NA,NA,NA,NA,NA,NA,NA,0.1207,9,20
d1-t1-TZ8-t-1TX1-i,1,1,8,trial,1TX1-i,TX,IB,5401,41.7,0.46324754675060176,9.866666666666667,0.5719422401802993,0,2.8168291428611307,1,0,NA,0.5,0.492316237733753,0.31642288465099055,0,0.26957970746158116,4.583333333333333,25.266666666666666,NA,14.925,67.03333333333333,0.7446769116830216,2.4291204803017434,38.13333333333333,0.42362525458248473,6.024626620306842,78.05,TRUE,0.8255420382261218,0.8854651124005174,0.5508962369528002,0.7816227848850176,0.7444444444444435,0.4364155521676258,13.883333333333333,TRUE,0.4692549653114065,54.15,TRUE,0.4941881979914001,NA,FALSE,NA,34.016666666666666,58.18333333333333,35.86666666666667,32.95,2.4394123564463093,5.460074444504984,0.1195,33,90.01666666666667
d1-t1-TZ8-t-1TX3-i,1,1,8,trial,1TX3-i,TX,IB,5401,44.416666666666664,0.49342714312164415,21.6,0.49354000546874627,0,7.788808488378482,2,0,2,1.3333333333333333,0.6493241992223663,0.7754119607480097,0.6396963525273097,0.6881441708325619,18.466666666666665,1.3,19.983333333333334,13.25,71.21666666666667,0.7911497870764673,2.094396684807486,69.15,0.7681910757267173,2.5376923171095935,80.45,TRUE,0.6820050631666841,0.9517555821946754,0.7775493008404774,0.8590767588378343,0.8677777777777788,0.33892054573943137,80.31666666666666,TRUE,0.06655533900758195,83.7,TRUE,0,80.01666666666667,TRUE,0.21104117127542293,81.34444444444445,62,59.93333333333333,34.916666666666664,2.1591041680073086,2.6577318015143354,0.1207,9,90.01666666666667
d1-t1-TZ9-b-1TY2-d,1,1,9,baseline,1TY2-d,TY,IA,1200,6.533333333333333,0.32666666666666666,1.1333333333333333,0.4042796468288571,0,8.215095175345567,0,0,7,2.333333333333333,0.315,0.5041666666666667,0.5166666666666667,0.4452777777777778,0,0,0,0,12.15,0.6075,2.5875731828024406,8.45,0.4225,3.0868652521574615,NA,NA,NA,NA,NA,NA,NA,NA,NA,NA,NA,NA,NA,NA,NA,NA,NA,NA,NA,NA,NA,NA,NA,0.1415,35,20
d1-t1-TZ9-t-1TY2-d,1,1,9,trial,1TY2-d,TY,IA,5401,6.2,0.06887613404925014,39.61666666666667,0.15049173568343208,0,4.811024701935501,178,176,272,208.66666666666666,0.13960377707831884,0.23384558415108314,0.19459359377892982,0.18934765166944392,46.416666666666664,42,44.833333333333336,44.416666666666664,20.55,0.22829105721162748,5.226762890000633,20.45,0.22718015182373635,5.2952719910944515,71.88333333333334,TRUE,0.7977343435554591,0.8079985283831329,0.3466887643153252,0.7591184733151181,0.2555555555555539,0.43641555216763245,47.166666666666664,TRUE,0.4313107012622863,69.43333333333334,TRUE,0.49788081370896575,64.41666666666667,TRUE,0.4965273051164903,60.33888888888889,13.883333333333333,13.883333333333333,2.6,5.580883942762668,5.649534086751036,0.1415,35,90.01666666666667
d1-t2-TZ1-b-1TY2-i,1,2,1,baseline,1TY2-i,TY,IB,1200,18.966666666666665,0.9483333333333334,0,1.8969177420525507,272,6.517194168711494,299,273,160,244,0.8733333333333333,0.9883333333333333,0.81,0.8905555555555555,0,0,0,0,14.566666666666666,0.7283333333333334,2.2220594811828756,11.383333333333333,0.5691666666666667,4.168279765773895,NA,NA,NA,NA,NA,NA,NA,NA,NA,NA,NA,NA,NA,NA,NA,NA,NA,NA,NA,NA,NA,NA,NA,0.1123,53,20
d1-t2-TZ1-t-1TY2-i,1,2,1,trial,1TY2-i,TY,IB,5401,47.46666666666667,0.5273097574523237,19.15,0.6417635357272141,0,2.8930484624709147,17,6,28,17,0.535826698759489,0.5017589335308277,0.4006665432327347,0.4794173918410171,0,22.233333333333334,0,7.4111111111111105,63.28333333333333,0.7030179596371042,2.434145453621947,54.78333333333333,0.608591001666358,3.8223283815266758,NA,FALSE,NA,NA,1.9190661080810683,1.2034476266823413,0.9622222222222218,0.19076438814918698,NA,FALSE,0.37387659768350273,NA,FALSE,0.08142228461294201,NA,FALSE,0.38532434207717187,NA,63.28333333333333,54.78333333333333,47.46666666666667,2.434145453621947,3.8223283815266758,0.1123,53,90.01666666666667
d1-t2-TZ10-b-1TY2-i,1,2,10,baseline,1TY2-i,TY,IB,1198,16.516666666666666,0.827212020033389,0,0.7120571939648662,53,0.4724847976508157,64,272,50,128.66666666666666,0.5918196994991652,0.6552587646076795,0.7003338898163606,0.6491374513077351,0,0,0,0,14.9,0.7462437395659433,2.4054470536112618,11.433333333333334,0.5726210350584308,4.069502241633287,NA,NA,NA,NA,NA,NA,NA,NA,NA,NA,NA,NA,NA,NA,NA,NA,NA,NA,NA,NA,NA,NA,NA,0.1202,17,19.966666666666665
d1-t2-TZ10-t-1TY2-i,1,2,10,trial,1TY2-i,TY,IB,5401,65.71666666666667,0.7300499907424551,0,0.5678990915561929,2,1.4056389787947965,2,3,0,1.6666666666666667,0.34623217922606925,0.3023514164043696,0.45195334197370857,0.36684564586804913,28.916666666666668,20.566666666666666,14.683333333333334,21.38888888888889,81.45,0.9048324384373264,1.4844596166114172,69.78333333333333,0.7752268098500278,2.9848110788175246,13.083333333333334,TRUE,0.8307757710489319,0.8732685135992675,0.6044458826232257,0.8624498755963952,0.8118040089086853,0.3910864116644672,29.95,TRUE,0.5002582450138754,64.85,TRUE,0.49503154982606307,30.1,TRUE,0.472832564485376,41.63333333333333,11.483333333333333,11.35,3.6166666666666667,1.348073263455209,1.4562156016178045,0.1202,17,90.01666666666667
d1-t2-TZ2-b-1TZ2-i,1,2,2,baseline,1TZ2-i,TZ,IB,1200,9.833333333333334,0.49166666666666664,0,0.7674289286917791,38,0.8446938571736805,0,209,275,161.33333333333334,0.7475,0.8691666666666666,0.955,0.8572222222222222,0,0,0,0,19.283333333333335,0.9641666666666666,0.9874847237914359,16.466666666666665,0.8233333333333334,2.770619108876954,NA,NA,NA,NA,NA,NA,NA,NA,NA,NA,NA,NA,NA,NA,NA,NA,NA,NA,NA,NA,NA,NA,NA,0.1273,25,20
d1-t2-TZ2-b-1TX1-d,1,2,2,baseline,1TX1-d,TX,IA,1200,12.133333333333333,0.6066666666666667,0.26666666666666666,0.780662983224231,0,0.22971032074784498,18,272,0,96.66666666666666,0.5241666666666667,0.7091666666666666,0.6016666666666667,0.6116666666666667,0,0,2.533333333333333,0.8444444444444446,15.266666666666667,0.7633333333333333,2.5704478264204003,8.25,0.4125,7.755626048498143,NA,NA,NA,NA,NA,NA,NA,NA,NA,NA,NA,NA,NA,NA,NA,NA,NA,NA,NA,NA,NA,NA,NA,0.1248,51,20
d1-t2-TZ2-t-1TZ2-i,1,2,2,trial,1TZ2-i,TZ,IB,5401,29.85,0.3316052582855027,27.533333333333335,0.4420810955493082,0,0.8160002515000285,7,11,9,9,0.31531197926309945,0.3997407887428254,0.4856508054064062,0.400234524470777,39.63333333333333,33.36666666666667,29.516666666666666,34.172222222222224,87.13333333333334,0.967968894649139,1.1230001508568626,76.16666666666667,0.8461396037770783,2.679186936188198,30.066666666666666,TRUE,0.8071041821366706,0.8180425958294314,0.7918164843845047,1.356130135116211,0.4455555555555538,0.4973033199324341,65.45,TRUE,0.43641555216763195,64.91666666666667,TRUE,0.31581516178502667,87.85,TRUE,0.17668796787792576,72.73888888888888,28.116666666666667,26.45,2.0166666666666666,1.058806509475084,1.7333039765902951,0.1273,25,90.01666666666667
d1-t2-TZ2-t-1TX1-d,1,2,2,trial,1TX1-d,TX,IA,5401,19.483333333333334,0.21644139974078874,0,0.2845996936187572,52,0.5439891259672185,3,8,7,6,0.16885761895945195,0.09442695797074616,0.13404925013886318,0.13244460902302044,20.65,24.266666666666666,25,23.305555555555554,85.23333333333333,0.9468616922792076,1.118790452951938,83.18333333333334,0.9240881318274393,1.3123810114940255,83.98333333333333,TRUE,0.8432413015259133,0.8735262769672524,0.8117319176709596,1.142792879839145,0.6344444444444454,0.48185337199692435,88.85,TRUE,0.499238079717258,88.33333333333333,TRUE,0.4792815349733434,84,TRUE,0.47166663063658026,87.06111111111112,79.16666666666667,77.78333333333333,14.6,1.0706315249460183,1.1590859226982704,0.1248,51,90.01666666666667
d1-t2-TZ3-b-1TY3-i,1,2,3,baseline,1TY3-i,TY,IB,1200,6.1,0.305,0.6666666666666666,0.4855587566886962,5,1.5218401391190335,26,234,55,105,0.46416666666666667,0.6508333333333334,0.5833333333333334,0.5661111111111111,0,0,0,0,17.6,0.88,1.661251796683238,15.3,0.765,3.524951388715949,NA,NA,NA,NA,NA,NA,NA,NA,NA,NA,NA,NA,NA,NA,NA,NA,NA,NA,NA,NA,NA,NA,NA,0.2647,41,20
d1-t2-TZ3-b-1TX1-d,1,2,3,baseline,1TX1-d,TX,IA,1200,17.283333333333335,0.8641666666666666,0,0.8234262205913605,27,0.713725036677569,27,0,0,9,0.5283333333333333,0.5416666666666666,0.33416666666666667,0.46805555555555556,0,1.15,2.1,1.0833333333333333,15.316666666666666,0.7658333333333334,1.9366467786227513,10.716666666666667,0.5358333333333334,5.4777969047329265,NA,NA,NA,NA,NA,NA,NA,NA,NA,NA,NA,NA,NA,NA,NA,NA,NA,NA,NA,NA,NA,NA,NA,0.104,15,20
d1-t2-TZ3-t-1TY3-i,1,2,3,trial,1TY3-i,TY,IB,5401,12.7,0.14108498426217367,22.466666666666665,0.3235419323697113,0,0.6298762405950667,0,0,0,0,0.5415663765969265,0.5143491945935937,0.6580262914275135,0.5713139542060113,19.783333333333335,19.7,5.133333333333334,14.872222222222224,86.06666666666666,0.9561192371783003,1.391084718949451,48.766666666666666,0.5417515274949084,5.290069377382988,7.35,TRUE,0.8426204298879276,0.856688571667138,0.3028386199751862,0.797722948568778,0.2044444444444421,0.40351930981692746,20.6,TRUE,0.4894777130683881,20.583333333333332,TRUE,0.4930915640829526,19.1,TRUE,0.4993086308951792,20.094444444444445,6.733333333333333,6.733333333333333,0.23333333333333334,0.7690912695449286,0.7690912695449286,0.2647,41,90.01666666666667
d1-t2-TZ3-t-1TX1-d,1,2,3,trial,1TX1-d,TX,IA,5401,0,0,NA,0.18865733351428565,0,0.9387744578698021,7,0,0,2.333333333333333,0.014812071838548418,0.004813923347528236,0.014256619144602852,0.011294204776893168,NA,NA,NA,NA,90.01666666666667,1,0.9277236778885297,90.01666666666667,1,0.9277236778885297,NA,FALSE,NA,NA,0.9235109854504999,0.7961902708686913,0.8733333333333324,0.33278412300623483,NA,FALSE,0.4984613428813893,NA,FALSE,0.499961684355667,NA,FALSE,0.46938255404637425,NA,90.01666666666667,90.01666666666667,0,0.9277236778885297,0.9277236778885297,0.104,15,90.01666666666667
d1-t2-TZ4-b-1TX3-i,1,2,4,baseline,1TX3-i,TX,IB,1200,14.166666666666666,0.7083333333333334,0,0.6867611221982215,77,7.041072587082084,109,60,272,147,0.44416666666666665,0.6183333333333333,0.8875,0.6499999999999999,0,0,0,0,17.95,0.8975,1.410372969367991,13.733333333333333,0.6866666666666666,3.6478139936356575,NA,NA,NA,NA,NA,NA,NA,NA,NA,NA,NA,NA,NA,NA,NA,NA,NA,NA,NA,NA,NA,NA,NA,0.2609,45,20
d1-t2-TZ4-t-1TX3-i,1,2,4,trial,1TX3-i,TX,IB,5401,36.78333333333333,0.4086280318459545,23.2,0.4567541190883195,8,0.39303703763096554,0,0,13,4.333333333333334,0.35697093130901686,0.32808739122384745,0.3712275504536197,0.3520952909954947,16.916666666666668,25.216666666666665,24.733333333333334,22.288888888888888,80.4,0.8931679318644695,1.5567149423180329,59.05,0.655989631549713,3.3059119312882346,44.233333333333334,TRUE,0.8143707979015031,0.8148397299933856,0.6017499851050698,0.7684688437024617,0.6588888888888855,0.4743462087906816,26.2,TRUE,0.4912722379858216,44.38333333333333,TRUE,0.49652730511648746,64.48333333333333,TRUE,0.3238376817910807,45.022222222222226,38.733333333333334,31.05,10.383333333333333,1.4013566411090987,2.874917513310639,0.2609,45,90.01666666666667
d1-t2-TZ5-b-1TZ1-d,1,2,5,baseline,1TZ1-d,TZ,IA,1200,12.5,0.625,0,0.6164306287681168,0,0.4184882468611773,13,276,6,98.33333333333334,0.7075,0.7433333333333333,0.6316666666666667,0.6941666666666667,0.4,0,0,0.13333333333333333,19.116666666666667,0.9558333333333333,0.8912284953697044,18.65,0.9325,1.1659536708704885,NA,NA,NA,NA,NA,NA,NA,NA,NA,NA,NA,NA,NA,NA,NA,NA,NA,NA,NA,NA,NA,NA,NA,0.1249,19,20
d1-t2-TZ5-b-1TZ2-d,1,2,5,baseline,1TZ2-d,TZ,IA,1200,11.983333333333333,0.5991666666666666,0,0.5648092239954552,14,0.7439333528838112,30,292,280,200.66666666666666,0.7708333333333334,0.975,0.985,0.9102777777777777,0,0,0,0,18.35,0.9175,1.4905230843345432,10.25,0.5125,3.5652023046384653,NA,NA,NA,NA,NA,NA,NA,NA,NA,NA,NA,NA,NA,NA,NA,NA,NA,NA,NA,NA,NA,NA,NA,0.1691,43,20
d1-t2-TZ5-t-1TZ1-d,1,2,5,trial,1TZ1-d,TZ,IA,5393,20.666666666666668,0.22992768403486,31.75,0.1942538021049327,9,6.889304261555148,0,0,2,0.6666666666666667,0.3078064157240868,0.21861672538475801,0.25903949564249956,0.2618208789171148,6.8,46.6,6.033333333333333,19.811111111111114,74.71666666666667,0.8312627480066753,1.7000676883327928,54.56666666666667,0.6070832560726868,3.204780787334043,87.73333333333333,TRUE,0.8150581781594766,0.9846966532503584,0.5386212402817566,0.7663141328909868,0.593333333333333,0.49148477684786535,87.73333333333333,TRUE,0.4704741650008664,87.73333333333333,TRUE,0.46800882263534394,87.73333333333333,TRUE,0.48366596407065804,87.73333333333333,71.43333333333334,51.28333333333333,18.516666666666666,1.736108862824862,3.289653889071633,0.1249,19,89.88333333333334
d1-t2-TZ5-t-1TZ2-d,1,2,5,trial,1TZ2-d,TZ,IA,5401,19.516666666666666,0.21681170153675244,37.3,0.3505998952874631,0,3.1433477407003334,0,0,14,4.666666666666666,0.48824291797815217,0.45269394556563597,0.39363080910942416,0.4448558908844041,2.3666666666666667,21.933333333333334,0,8.1,87.61666666666666,0.9733382706906129,1.3637686588245403,58.43333333333333,0.6491390483243844,2.7587760552659493,70.95,TRUE,0.803738734658753,0.8382959627923642,0.6473598500062481,0.7680624841034888,0.6166666666666659,0.4864687403858907,68.91666666666667,TRUE,0.36473519666745996,NA,FALSE,0.15451032206384868,NA,FALSE,0.08789691831157363,68.91666666666667,67.93333333333334,43.416666666666664,8.2,1.3704465462388393,2.4652720097242806,0.1691,43,90.01666666666667
d1-t2-TZ6-b-1TX2-i,1,2,6,baseline,1TX2-i,TX,IB,1200,14.483333333333333,0.7241666666666666,0,1.0009662848458745,75,11.301917716118059,73,77,0,50,0.865,0.785,0.8283333333333334,0.8261111111111111,0,0,0,0,16.983333333333334,0.8491666666666666,1.7815592124072521,9.75,0.4875,5.917561215202431,NA,NA,NA,NA,NA,NA,NA,NA,NA,NA,NA,NA,NA,NA,NA,NA,NA,NA,NA,NA,NA,NA,NA,0.1326,21,20
d1-t2-TZ6-t-1TX2-i,1,2,6,trial,1TX2-i,TX,IB,5401,54.81666666666667,0.6089613034623218,0,0.8470302266480512,8,6.445377859123133,13,12,3,9.333333333333334,0.8318829846324755,0.6802443991853361,0.7043140159229773,0.7388137999135963,0,6.65,6.5,4.383333333333334,82.6,0.9176078503980745,1.4236057500114512,56.2,0.6243288279948158,4.300829932975648,71.36666666666666,TRUE,0.7252237877234612,0.8213876106435589,1.0490813106700763,1.27811517330363,0.7855555555555559,0.41066459365102254,8.683333333333334,TRUE,0.29717909109892576,17.35,TRUE,0.3668098955096813,84.5,TRUE,0.25528888301902763,36.84444444444444,65.16666666666667,46.53333333333333,40.6,1.351120523168051,4.0126090219313415,0.1326,21,90.01666666666667
d1-t2-TZ7-b-1TZ2-d,1,2,7,baseline,1TZ2-d,TZ,IA,1200,9.666666666666666,0.48333333333333334,3.9166666666666665,0.5492391891104106,0,0.6059387700046965,0,0,0,0,0.6283333333333333,0.835,0.6783333333333333,0.7138888888888889,1.35,0,3.1333333333333333,1.4944444444444445,18.116666666666667,0.9058333333333334,1.3858357226879958,17.6,0.88,1.511609121376254,NA,NA,NA,NA,NA,NA,NA,NA,NA,NA,NA,NA,NA,NA,NA,NA,NA,NA,NA,NA,NA,NA,NA,0.1175,7,20
d1-t2-TZ7-t-1TZ2-d,1,2,7,trial,1TZ2-d,TZ,IA,5401,16.083333333333332,0.17867061655249028,25.366666666666667,0.18404487880149448,0,1.1724728263988686,3,0,2,1.6666666666666667,0.17311608961303462,0.1170153675245325,0.3290131457137567,0.20638153428377462,29.25,49.71666666666667,7.3,28.755555555555553,82.8,0.9198296611738567,1.3510082922425162,81.71666666666667,0.9077948528050361,1.413786655145585,87.25,TRUE,0.7448173215668628,0.9400741688572963,0.678309352370075,0.9739502289704071,0.604444444444446,0.4892415667050508,87.96666666666667,TRUE,0.48395846446585117,87.61666666666666,TRUE,0.3327841230062352,84.11666666666666,TRUE,0.39599246942624416,86.56666666666666,79.01666666666667,77.93333333333334,13.35,1.3501653006074688,1.415239180705493,0.1175,7,90.01666666666667
d1-t2-TZ8-b-1TY1-d,1,2,8,baseline,1TY1-d,TY,IA,1200,16.233333333333334,0.8116666666666666,0,1.2418775909446564,146,1.0138143977977698,270,260,131,220.33333333333334,0.7408333333333333,0.8616666666666667,0.7883333333333333,0.7969444444444445,0,0,0,0,17.033333333333335,0.8516666666666667,1.796250731619148,16.45,0.8225,2.082306264755382,NA,NA,NA,NA,NA,NA,NA,NA,NA,NA,NA,NA,NA,NA,NA,NA,NA,NA,NA,NA,NA,NA,NA,0.187,47,20
d1-t2-TZ8-b-1TY3-d,1,2,8,baseline,1TY3-d,TY,IA,1200,13.55,0.6775,0.3,0.9657641981498989,0,0.4777944802243331,1,0,0,0.33333333333333337,0.765,0.7858333333333334,0.8916666666666667,0.8141666666666667,0.16666666666666666,0.3333333333333333,0,0.16666666666666666,16.583333333333332,0.8291666666666667,1.666928958321671,13.466666666666667,0.6733333333333333,3.6903400454206454,NA,NA,NA,NA,NA,NA,NA,NA,NA,NA,NA,NA,NA,NA,NA,NA,NA,NA,NA,NA,NA,NA,NA,0.1312,23,20
d1-t2-TZ8-t-1TY1-d,1,2,8,trial,1TY1-d,TY,IA,5401,36.483333333333334,0.40529531568228105,28.016666666666666,0.4867230263020524,9,0.939063441173998,17,18,4,13,0.4423254952786521,0.43380855397148677,0.4734308461396038,0.44985496512991424,0,0,28.433333333333334,9.47777777777778,83.86666666666666,0.9316793186446954,1.37139303339399,76.5,0.8498426217367154,2.2841604600416257,NA,FALSE,NA,NA,1.2316869762295604,1.4766459555362696,0.7955555555555578,0.40351930981692957,88.38333333333334,TRUE,0.45217096331245604,NA,FALSE,0.3494721198832678,68.5,TRUE,0.4224847780864352,78.44166666666666,83.86666666666666,76.5,36.483333333333334,1.37139303339399,2.2841604600416257,0.187,47,90.01666666666667
d1-t2-TZ8-t-1TY3-d,1,2,8,trial,1TY3-d,TY,IA,5401,18.933333333333334,0.21033142010738753,29.716666666666665,0.3095005121132624,2,0.9269765328266588,0,5,2,2.3333333333333335,0.14293649324199223,0.2664321421958897,0.2269950009257545,0.21212121212121213,44.233333333333334,33.95,35.6,37.92777777777778,82.41666666666667,0.915571190520274,1.285878729737233,72.83333333333333,0.8091094241807073,2.7260179131299025,88.68333333333334,TRUE,0.6067795359569124,0.9561033499517793,0.9134260315592903,1.121416976546512,0.6622222222222219,0.47321534717335084,NA,FALSE,0.425272274231763,NA,FALSE,0.42388664904332324,NA,FALSE,0.29566764252909367,NA,80.55,71.68333333333334,17.733333333333334,1.290412890561563,2.7246606931170363,0.1312,23,90.01666666666667
d1-t2-TZ9-b-1TZ3-i,1,2,9,baseline,1TZ3-i,TZ,IB,1200,18.25,0.9125,0,1.2584089167148884,273,1.2711877689881352,36,0,276,104,0.5675,0.5966666666666667,0.9908333333333333,0.7183333333333334,0,0,0,0,19.566666666666666,0.9783333333333334,0.8427246000644467,19.5,0.975,0.8638523629839652,NA,NA,NA,NA,NA,NA,NA,NA,NA,NA,NA,NA,NA,NA,NA,NA,NA,NA,NA,NA,NA,NA,NA,0.1697,49,20
d1-t2-TZ9-t-1TZ3-i,1,2,9,trial,1TZ3-i,TZ,IB,5401,65.51666666666667,0.7278281799666728,0.6333333333333333,0.8227979991075546,3,2.3161782365396806,2,1,0,1,0.5237918903906684,0.7113497500462878,0.6569153860396223,0.6306856754921928,3.85,1,0.7333333333333333,1.8611111111111112,83.08333333333333,0.9229772264395483,1.1781508413737452,78.63333333333334,0.8735419366783929,2.0515532733338495,68.88333333333334,TRUE,0.49060506842779295,0.8587305933202727,1.31895912021178,1.195665270655845,0.913333333333333,0.2815024049709902,65.9,TRUE,0.4996797887019004,17.683333333333334,TRUE,0.49309156408295246,NA,FALSE,0,41.791666666666664,61.5,57.05,44.56666666666667,1.3204713438817626,2.4738098339564423,0.1697,49,90.01666666666667
d2-t1-TZ1-b-2TX3-i,2,1,1,baseline,2TX3-i,TX,IB,1200,15.033333333333333,0.7516666666666667,1.2166666666666666,2.7359587502939573,0,0.6182212999648389,0,0,8,2.666666666666667,0.6725,0.3308333333333333,0.6216666666666667,0.5416666666666666,1.3166666666666667,7.25,4.95,4.5055555555555555,19.816666666666666,0.9908333333333333,0.8590451066660979,19.816666666666666,0.9908333333333333,0.8590451066660979,NA,NA,NA,NA,NA,NA,NA,NA,NA,NA,NA,NA,NA,NA,NA,NA,NA,NA,NA,NA,NA,NA,NA,0.1633,40,20
d2-t1-TZ1-t-2TX3-i,2,1,1,trial,2TX3-i,TX,IB,5401,42.06666666666667,0.4673208665062026,41.7,1.8001364409209626,0,0.7508176962916758,0,0,0,0,0.5313830772079244,0.5330494352897611,0.2901314571375671,0.45152132321175087,21.116666666666667,29.416666666666668,41.833333333333336,30.788888888888888,89.43333333333334,0.993519718570635,1.0309842889639629,88.86666666666666,0.987224588039252,1.0979688574122586,47.583333333333336,TRUE,0.663851179106394,0.8303674049489715,3.5712637134834395,2.6846583235117576,0.9511111111111116,0.21575562147198674,47.38333333333333,TRUE,0.42248477808643553,46.516666666666666,TRUE,0.49365145221339923,79.31666666666666,TRUE,0.41597086879738526,57.738888888888894,47.31666666666667,47.31666666666667,4.6,1.1337411969619025,1.1337411969619025,0.1633,40,90.01666666666667
d2-t1-TZ10-b-2TX3-i,2,1,10,baseline,2TX3-i,TX,IB,1201,8.15,0.4071606994171524,10.583333333333334,0.7935797016510103,12,0.4636278709644257,0,0,0,0,0.4562864279766861,0.2722731057452123,0.5120732722731057,0.4135442686650014,10.816666666666666,13.083333333333334,1.35,8.416666666666666,19.95,0.9966694421315571,0.7847607167794892,19.95,0.9966694421315571,0.784901651503621,NA,NA,NA,NA,NA,NA,NA,NA,NA,NA,NA,NA,NA,NA,NA,NA,NA,NA,NA,NA,NA,NA,NA,0.1696,4,20.016666666666666
d2-t1-TZ10-t-2TX3-i,2,1,10,trial,2TX3-i,TX,IB,5401,52.36666666666667,0.5817441214589891,17.55,1.4422540984488492,0,1.793857200847139,0,0,0,0,0.6459914830586928,0.6334012219959266,0.5556378448435475,0.6116768499660556,26.166666666666668,11.333333333333334,28.75,22.083333333333332,83.8,0.930938715052768,1.5874544218425424,79.6,0.8842806887613405,2.1995784675401904,18.966666666666665,TRUE,0.761874367471433,0.8765015136972849,0.9935135436232877,1.1932251814026278,0.5116537180910103,0.5001417976268114,29.566666666666666,TRUE,0.49508012873512197,29.566666666666666,TRUE,0.47741420009145014,29.583333333333332,TRUE,0.47801089828933097,29.57222222222222,16.516666666666666,16.4,1.0166666666666666,2.1750627024492686,2.364360470152802,0.1696,4,90.01666666666667
d2-t1-TZ2-b-2TZ2-d,2,1,2,baseline,2TZ2-d,TZ,IA,1200,7.666666666666667,0.38333333333333336,0,0.5872987209824255,53,0.6372076598849542,362,25,24,137,0.4891666666666667,0.42083333333333334,0.42833333333333334,0.4461111111111111,0,0,0,0,12.566666666666666,0.6283333333333333,2.3320367465764735,12.1,0.605,2.5954686275068126,NA,NA,NA,NA,NA,NA,NA,NA,NA,NA,NA,NA,NA,NA,NA,NA,NA,NA,NA,NA,NA,NA,NA,0.1368,38,20
d2-t1-TZ2-b-2TY2-i,2,1,2,baseline,2TY2-i,TY,IB,1200,9.85,0.4925,0,0.526680473881643,49,1.5994265500258678,0,0,13,4.333333333333334,0.8608333333333333,0.4683333333333333,0.46,0.5963888888888889,0,1.5833333333333333,0.03333333333333333,0.538888888888889,16.966666666666665,0.8483333333333334,1.9956092029764565,16.25,0.8125,2.3214969278206348,NA,NA,NA,NA,NA,NA,NA,NA,NA,NA,NA,NA,NA,NA,NA,NA,NA,NA,NA,NA,NA,NA,NA,0.1488,12,20
d2-t1-TZ2-t-2TZ2-d,2,1,2,trial,2TZ2-d,TZ,IA,5401,34.1,0.3788187372708758,37.46666666666667,0.4668912278181062,0,1.6057228314937628,0,0,0,0,0.4378818737270876,0.5802629142751342,0.49842621736715426,0.5055236684564587,7.933333333333334,6.616666666666666,7.35,7.3,80.65,0.8959451953341974,1.6266778022514277,69.1,0.7676356230327717,2.9313908002310196,39.56666666666667,TRUE,0.9330898918667163,0.9519513241344163,0.3118946174807067,0.7496206699234179,0.21222222222222126,0.409108686282681,9.033333333333333,TRUE,0.4663050137394898,8.116666666666667,TRUE,0.43703674027139516,8.65,TRUE,0.4338934231551238,8.6,35.416666666666664,35.333333333333336,1.0333333333333334,1.8543067043961718,1.856226180188086,0.1368,38,90.01666666666667
d2-t1-TZ2-t-2TY2-i,2,1,2,trial,2TY2-i,TY,IB,5401,74.01666666666667,0.822255137937419,3.15,0.8862600787641544,10,1.813372730491921,9,11,1,7,0.8418811331234957,0.5395297167191261,0.4889835215700796,0.6234647904709004,5.95,8.066666666666666,6.416666666666667,6.811111111111112,60.766666666666666,0.6750601740418442,2.6492992396510524,49.21666666666667,0.5467506017404185,4.3503317596835425,5.666666666666667,TRUE,0.9154176954218375,0.9510431392644436,0.6124032192524679,1.0637451060264023,0.5644444444444432,0.4961052112907894,16.066666666666666,TRUE,0.3401236443371066,10.016666666666667,TRUE,0.4916947102099506,7.65,TRUE,0.49763302120622976,11.244444444444444,3.65,3.65,1.1,2.2847890543941367,2.2847890543941367,0.1488,12,90.01666666666667
d2-t1-TZ3-b-2TZ2-d,2,1,3,baseline,2TZ2-d,TZ,IA,1200,4.183333333333334,0.20916666666666667,3.0166666666666666,0.38877460533625524,0,3.87695120948784,0,2,0,0.6666666666666667,0.37416666666666665,0.37416666666666665,0.3466666666666667,0.365,0.26666666666666666,0.26666666666666666,0,0.17777777777777776,18.983333333333334,0.9491666666666667,1.4871292555314521,5.433333333333334,0.27166666666666667,8.758739293947814,NA,NA,NA,NA,NA,NA,NA,NA,NA,NA,NA,NA,NA,NA,NA,NA,NA,NA,NA,NA,NA,NA,NA,0.1758,2,20
d2-t1-TZ3-b-2TX3-d,2,1,3,baseline,2TX3-d,TX,IA,1200,10.583333333333334,0.5291666666666667,0,0.5256175844929735,0,12.262040942549206,60,77,0,45.666666666666664,0.4716666666666667,0.7825,0.6116666666666667,0.6219444444444444,0,0,0.3333333333333333,0.1111111111111111,18,0.9,1.8645260996829702,9.7,0.485,5.477688669678699,NA,NA,NA,NA,NA,NA,NA,NA,NA,NA,NA,NA,NA,NA,NA,NA,NA,NA,NA,NA,NA,NA,NA,0.1765,22,20
d2-t1-TZ3-t-2TZ2-d,2,1,3,trial,2TZ2-d,TZ,IA,5401,32.983333333333334,0.3664136271060915,30.883333333333333,0.4376654848048474,0,1.1508963404062544,0,4,0,1.3333333333333335,0.3778929827809665,0.35826698759488984,0.3856693204962044,0.37394309695735356,18.233333333333334,30.6,30.95,26.594444444444445,84.18333333333334,0.9351971857063507,1.4886915038434423,67.93333333333334,0.7546750601740418,3.164347350220759,5.266666666666667,TRUE,0.8204343412166321,0.9090392504413447,0.36413076631383984,1.1050117632387149,0.12666666666666784,0.3327841230062352,18.616666666666667,TRUE,0.3959924694262407,30.333333333333332,TRUE,0.40351930981692913,5.666666666666667,TRUE,0.3993861932463743,18.205555555555556,5.1,5.1,0,1.1586448156493219,1.1586448156493219,0.1758,2,90.01666666666667
d2-t1-TZ3-t-2TX3-d,2,1,3,trial,2TX3-d,TX,IA,5401,15.983333333333333,0.17755971116459915,58.916666666666664,0.32279042473821873,0,0.782246505831021,0,0,0,0,0.35363821514534344,0.4858359563043881,0.7144973153119792,0.517990495587237,11.183333333333334,21.05,14.95,15.727777777777778,87,0.9664876874652842,1.1817756539930346,62.75,0.6970931309016849,3.750642004790891,70.88333333333334,TRUE,0.7564938772765499,0.8727462847807627,0.5531501549314733,1.299322377544914,0.5288888888888894,0.49944227948051373,17.05,TRUE,0.48863671979608647,49.766666666666666,TRUE,0.43260970354927597,17.85,TRUE,0.48802113413635495,28.22222222222222,70.38333333333334,56.516666666666666,4.333333333333333,0.9539540185870102,2.6981261955587854,0.1765,22,90.01666666666667
d2-t1-TZ4-b-2TZ1-i,2,1,4,baseline,2TZ1-i,TZ,IB,1200,13.05,0.6525,2.2,0.9008641744483441,0,0.5358454234100168,0,0,0,0,0.89,0.7408333333333333,0.715,0.7819444444444444,0,2.35,1.75,1.3666666666666667,18.2,0.91,1.2714506971088633,12.366666666666667,0.6183333333333333,3.6816157128329623,NA,NA,NA,NA,NA,NA,NA,NA,NA,NA,NA,NA,NA,NA,NA,NA,NA,NA,NA,NA,NA,NA,NA,0.1579,32,20
d2-t1-TZ4-t-2TZ1-i,2,1,4,trial,2TZ1-i,TZ,IB,5401,33.03333333333333,0.366969079800037,29.783333333333335,0.4118673821908262,0,0.7288839889246341,0,0,0,0,0.4725050916496945,0.4832438437326421,0.47768931679318644,0.4778127507251744,14.233333333333333,15.2,15.616666666666667,15.016666666666667,83.31666666666666,0.9255693390112942,1.3515734106362576,69.1,0.7676356230327717,2.784915896092938,NA,FALSE,NA,NA,1.0452207237037614,1.5005788159452962,0.7533333333333331,0.43131070126228166,NA,FALSE,0.18804657080625403,52.56666666666667,TRUE,0.359435900207089,42.93333333333333,TRUE,0.42799541659737084,47.75,83.31666666666666,69.1,33.03333333333333,1.3515734106362576,2.784915896092938,0.1579,32,90.01666666666667
d2-t1-TZ6-b-2TY1-d,2,1,6,baseline,2TY1-d,TY,IA,1200,14.816666666666666,0.7408333333333333,0.6833333333333333,1.0516225652989466,0,3.823225723432828,24,21,16,20.333333333333332,0.9525,0.8875,0.8366666666666667,0.8922222222222222,0,0,0,0,16.216666666666665,0.8108333333333333,1.7604473019447924,11.616666666666667,0.5808333333333333,4.331699425933335,NA,NA,NA,NA,NA,NA,NA,NA,NA,NA,NA,NA,NA,NA,NA,NA,NA,NA,NA,NA,NA,NA,NA,0.1617,6,20
d2-t1-TZ6-b-2TY2-d,2,1,6,baseline,2TY2-d,TY,IA,1200,5.183333333333334,0.25916666666666666,6.866666666666666,0.24541118604991835,0,0.40691675663749843,0,0,0,0,0.5675,0.6891666666666667,0.2758333333333333,0.5108333333333334,2.1666666666666665,1.6333333333333333,5.016666666666667,2.938888888888889,19.133333333333333,0.9566666666666667,0.9849914899025077,18.8,0.94,1.2272098898757497,NA,NA,NA,NA,NA,NA,NA,NA,NA,NA,NA,NA,NA,NA,NA,NA,NA,NA,NA,NA,NA,NA,NA,0.1229,30,20
d2-t1-TZ6-t-2TY1-d,2,1,6,trial,2TY1-d,TY,IA,5401,15.8,0.17552305128679874,41.916666666666664,0.18797876384857803,0,2.3656825974167126,0,0,0,0,0.41566376596926496,0.3428994630623958,0.41936678392890203,0.39264333765352094,28.966666666666665,37.2,0.55,22.238888888888887,70.35,0.7815219403814109,2.504807700137269,26.95,0.29938900203665986,4.067542826440699,NA,FALSE,NA,NA,1.080032887535084,1.706571542134732,0.7655555555555555,0.4238866490433231,NA,FALSE,0.20120757674184875,NA,FALSE,0.33649042549769004,NA,FALSE,0.3797022166492958,NA,70.35,26.95,15.8,2.504807700137269,4.067542826440699,0.1617,6,90.01666666666667
d2-t1-TZ6-t-2TY2-d,2,1,6,trial,2TY2-d,TY,IA,5401,42.25,0.46935752638400297,32.13333333333333,0.4692015368527532,0,0.507391141588472,0,0,0,0,0.5049064987965192,0.5987780040733197,0.6202555082392149,0.5746466703696846,25.716666666666665,25.1,24.9,25.238888888888887,84.58333333333333,0.9396408072579152,1.3749306180519418,81.16666666666667,0.9016848731716349,1.921228965265272,10.616666666666667,TRUE,0.7448994675422544,0.8975166987712571,0.2848201023448355,0.48947305877894065,0.3066666666666676,0.4613661581914756,27.516666666666666,TRUE,0.48751435968190643,26.316666666666666,TRUE,0.4529787158018301,15.966666666666667,TRUE,0.45947636147915794,23.266666666666666,9.716666666666667,9.716666666666667,0.16666666666666666,0.6969136127497966,0.6969136127497966,0.1229,30,90.01666666666667
d2-t1-TZ7-b-2TZ1-d,2,1,7,baseline,2TZ1-d,TZ,IA,1200,0.7166666666666667,0.035833333333333335,15.283333333333333,0.1567799920132451,0,4.110661363459029,0,46,0,15.333333333333332,0.051666666666666666,0.08,0.04666666666666667,0.059444444444444446,NA,NA,4.666666666666667,4.666666666666667,4.516666666666667,0.22583333333333333,4.192095038282893,4.516666666666667,0.22583333333333333,4.192095038282893,NA,NA,NA,NA,NA,NA,NA,NA,NA,NA,NA,NA,NA,NA,NA,NA,NA,NA,NA,NA,NA,NA,NA,0.1329,14,20
d2-t1-TZ7-t-2TZ1-d,2,1,7,trial,2TZ1-d,TZ,IA,5401,1.2333333333333334,0.013701166450657287,36.983333333333334,0.08625606751140878,0,1.7222365465980154,8,6,3,5.666666666666667,0.005924828735419367,0.009812997593038325,0.03573412331049806,0.017157316546318583,NA,64.58333333333333,28.716666666666665,46.65,57.516666666666666,0.6389557489353823,2.280267195279429,57.516666666666666,0.6389557489353823,2.284364240875441,36.016666666666666,TRUE,0.7850141888044019,0.8035885380468446,0.15286471470671872,0.206108365147828,0.0422222222222224,0.20120757674184855,NA,FALSE,0.2534059182161544,NA,FALSE,0.26082780855856913,29.166666666666668,TRUE,0.19606813643937437,29.166666666666668,8.966666666666667,8.966666666666667,0,3.2074395405505713,3.2074395405505713,0.1329,14,90.01666666666667
d2-t1-TZ8-b-2TX1-d,2,1,8,baseline,2TX1-d,TX,IA,1200,18.166666666666668,0.9083333333333333,0,1.0042047984796991,457,1.4599184260725881,229,165,434,276,0.9366666666666666,0.7675,0.9333333333333333,0.8791666666666667,0,0,0,0,14.4,0.72,2.2077211698545316,12.883333333333333,0.6441666666666667,3.5085859146865768,NA,NA,NA,NA,NA,NA,NA,NA,NA,NA,NA,NA,NA,NA,NA,NA,NA,NA,NA,NA,NA,NA,NA,0.0923,10,20
d2-t1-TZ8-b-2TX2-d,2,1,8,baseline,2TX2-d,TX,IA,1200,3.1666666666666665,0.15833333333333333,13.716666666666667,0.21056621539864906,0,3.271924918543771,0,12,0,4,0.17916666666666667,0.4925,0.3233333333333333,0.33166666666666667,10.366666666666667,5.683333333333334,5.466666666666667,7.172222222222222,18.483333333333334,0.9241666666666667,1.9632097125489525,14.85,0.7425,2.892176493700474,NA,NA,NA,NA,NA,NA,NA,NA,NA,NA,NA,NA,NA,NA,NA,NA,NA,NA,NA,NA,NA,NA,NA,0.1607,34,20
d2-t1-TZ8-t-2TX1-d,2,1,8,trial,2TX1-d,TX,IA,5401,62.88333333333333,0.6985743380855397,7,0.8455329043135167,0,0.46101133925111676,0,3,3,2,0.5963710423995556,0.6665432327346787,0.684132568042955,0.6490156143923964,22.883333333333333,23.066666666666666,22.65,22.866666666666667,78.58333333333333,0.8729864839844473,1.4225051209877466,72.86666666666666,0.809479725976671,2.2352962067560647,23.083333333333332,TRUE,0.7082344993686454,0.8941704849505472,1.0246835998271877,0.8627603949008436,0.8777777777777773,0.32772440800695096,28.1,TRUE,0.2589994342819106,24.583333333333332,TRUE,0.4266418119382834,24.083333333333332,TRUE,0.28474153314811496,25.58888888888889,20.633333333333333,19.9,4.016666666666667,0.9856076927991149,1.358249034407126,0.0923,10,90.01666666666667
d2-t1-TZ8-t-2TX2-d,2,1,8,trial,2TX2-d,TX,IA,5401,21.966666666666665,0.24402888354008517,21.366666666666667,0.32255636083245753,0,1.7762305655776838,0,0,0,0,0.5471209035363821,0.39455656359933344,0.37067209775967414,0.4374498549651299,15.733333333333333,18.35,22.166666666666668,18.75,85.73333333333333,0.9524162192186633,1.6349638057431122,67.4,0.7487502314386225,2.513226433825142,22.133333333333333,TRUE,0.898472804783481,0.916708563869655,0.23790734552628207,0.8370136124662844,0.21111111111111222,0.40832396907985263,16.233333333333334,TRUE,0.41522591099578565,27.633333333333333,TRUE,0.4802668890948544,22.7,TRUE,0.4975573062425415,22.188888888888886,21.533333333333335,21.533333333333335,0.31666666666666665,2.2745812767550624,2.2745812767550624,0.1607,34,90.01666666666667
d2-t1-TZ9-b-2TY3-i,2,1,9,baseline,2TY3-i,TY,IB,1200,19.616666666666667,0.9808333333333333,0,0.9171896923005307,333,0.9297777808543626,109,37,26,57.333333333333336,0.9966666666666667,0.9525,0.9216666666666666,0.9569444444444445,0,0,0,0,9.383333333333333,0.4691666666666667,3.616322907425324,7.233333333333333,0.3616666666666667,5.734335168411868,NA,NA,NA,NA,NA,NA,NA,NA,NA,NA,NA,NA,NA,NA,NA,NA,NA,NA,NA,NA,NA,NA,NA,0.1256,36,20
d2-t1-TZ9-t-2TY3-i,2,1,9,trial,2TY3-i,TY,IB,5401,56.71666666666667,0.6300685058322533,15.45,0.6311786093994659,0,0.6609020394778837,0,0,0,0,0.4510275874837993,0.7294945380485095,0.7180151823736345,0.6328457693019811,22.016666666666666,15.533333333333333,12.216666666666667,16.58888888888889,61.2,0.6798740973893723,2.5996730898646443,48.11666666666667,0.534530642473616,4.630960602052515,NA,FALSE,NA,NA,0.8631113709736117,0.8193625356233615,0.9744444444444447,0.15789290460289856,NA,FALSE,0,88.5,TRUE,0.06655533900758175,38.46666666666667,TRUE,0.24169303552457688,63.483333333333334,61.2,48.11666666666667,56.71666666666667,2.5996730898646443,4.630960602052515,0.1256,36,90.01666666666667
d2-t2-TZ1-b-2TY3-d,2,2,1,baseline,2TY3-d,TY,IA,1200,17.916666666666668,0.8958333333333334,0,1.2411692108383685,337,0.9071016499489574,389,66,187,214,0.9716666666666667,0.89,0.8791666666666667,0.9136111111111112,0,0,0,0,18.316666666666666,0.9158333333333334,1.411742624099818,16.316666666666666,0.8158333333333333,2.4307035093037057,NA,NA,NA,NA,NA,NA,NA,NA,NA,NA,NA,NA,NA,NA,NA,NA,NA,NA,NA,NA,NA,NA,NA,0.1657,54,20
d2-t2-TZ1-t-2TY3-d,2,2,1,trial,2TY3-d,TY,IA,5401,76.75,0.8526198852064433,8.966666666666667,1.3149501691834307,4,2.404611392172054,0,0,0,0,0.8587298648398445,0.8892797630068506,0.8279948157748566,0.8586681478738506,8.066666666666666,8.866666666666667,9.45,8.794444444444444,85.4,0.9487132012590261,1.2239223185850552,83.31666666666666,0.9255693390112942,1.5369497590705952,11.783333333333333,TRUE,0.7665363799494984,0.9549352475025807,1.2079011183225534,1.0478029654615526,0.8611111111111093,0.3460228327239093,12.283333333333333,TRUE,0.1907643881491875,11.8,TRUE,0.29260865417200377,11.866666666666667,TRUE,0.32383768179108047,11.983333333333333,10.083333333333334,10.083333333333334,1.25,1.439541620627316,1.439541620627316,0.1657,54,90.01666666666667
d2-t2-TZ10-b-2TY3-d,2,2,10,baseline,2TY3-d,TY,IA,1200,16.7,0.835,0,1.3126019591590652,0,0.6215519571915673,0,0,0,0,0.5333333333333333,0.8591666666666666,0.9341666666666667,0.7755555555555556,0.6,0,0,0.2,19.383333333333333,0.9691666666666666,1.0813898068085592,18.333333333333332,0.9166666666666666,1.5835291591536464,NA,NA,NA,NA,NA,NA,NA,NA,NA,NA,NA,NA,NA,NA,NA,NA,NA,NA,NA,NA,NA,NA,NA,0.1453,18,20
d2-t2-TZ10-t-2TY3-d,2,2,10,trial,2TY3-d,TY,IA,5401,30.483333333333334,0.3386409924088132,35.766666666666666,0.5919429074610256,0,3.4187613838134476,107,0,0,35.66666666666667,0.35826698759488984,0.2555082392149602,0.42325495278652103,0.34567672653212367,23.7,37.833333333333336,24.866666666666667,28.8,85.96666666666667,0.9550083317904092,1.5271703383997757,72.9,0.8098500277726347,3.0078659643851515,88.6,TRUE,0.6597851522786866,0.9546801853322364,1.300024045270722,1.5207109333386386,0.8099999999999995,0.39251903165496044,NA,FALSE,0.49996168435566773,NA,FALSE,0.36473519666745985,88.68333333333334,TRUE,0.2608278085585694,88.68333333333334,83.83333333333333,70.76666666666667,28.666666666666668,1.5402477273033046,3.056886656934827,0.1453,18,90.01666666666667
d2-t2-TZ2-b-2TZ3-d,2,2,2,baseline,2TZ3-d,TZ,IA,1200,17.85,0.8925,0,1.1394568368165015,263,6.313827014460364,307,442,830,526.3333333333334,0.9341666666666667,0.835,0.9416666666666667,0.9036111111111111,0,0,0,0,11.2,0.56,3.08502633433113,9.716666666666667,0.48583333333333334,4.085295470774257,NA,NA,NA,NA,NA,NA,NA,NA,NA,NA,NA,NA,NA,NA,NA,NA,NA,NA,NA,NA,NA,NA,NA,0.1782,26,20
d2-t2-TZ2-b-2TX2-i,2,2,2,baseline,2TX2-i,TX,IB,1200,19.183333333333334,0.9591666666666666,0,1.4422148213352033,248,2.394095137572439,0,NA,147,73.5,0.6125,0.0275,0.98,0.54,0,0,0,0,16.15,0.8075,1.8780862347582703,14.85,0.7425,2.77291591980615,NA,NA,NA,NA,NA,NA,NA,NA,NA,NA,NA,NA,NA,NA,NA,NA,NA,NA,NA,NA,NA,NA,NA,0.1549,52,20
d2-t2-TZ2-t-2TZ3-d,2,2,2,trial,2TZ3-d,TZ,IA,5401,51.35,0.5704499166820959,17.183333333333334,0.5498680078542674,6,11.38736938363846,0,5,16,7,0.7654138122569895,0.8046658026291428,0.8596556193297538,0.8099117447386287,0.1,10.1,0,3.4,68.43333333333334,0.7602295871134975,2.2954142739570007,59.9,0.6654323273467876,3.6687860772740564,79.43333333333334,TRUE,0.8289717334903086,0.8685739610742271,1.0505238684791811,0.9585065414198125,0.8944444444444442,0.3074387758800079,81.86666666666666,TRUE,0.2831287839361515,34.516666666666666,TRUE,0.41296501824118614,81.86666666666666,TRUE,0.2679704870513533,66.08333333333333,62.05,54.46666666666667,40.75,2.1698850080512684,3.5306121996055397,0.1782,26,90.01666666666667
d2-t2-TZ2-t-2TX2-i,2,2,2,trial,2TX2-i,TX,IB,5401,57.3,0.6365487872616182,12.683333333333334,0.7025751045544738,0,0.9216072484117681,0,0,0,0,0.21236807998518792,0.34086280318459544,0.3008702092205147,0.28470036413009936,29,28.9,23.183333333333334,27.02777777777778,83.31666666666666,0.9255693390112942,1.3166090726471875,80.83333333333333,0.8979818552119978,1.832038646938939,87,TRUE,0.7507822896022786,0.8515274352424846,1.4689949882179087,1.553178164424976,0.9488888888888896,0.22034680140829474,NA,FALSE,0.4943619836278914,NA,FALSE,NA,NA,FALSE,0.12381685774869636,NA,79.36666666666666,76.88333333333334,53.9,1.3287079685863987,1.8677859458200343,0.1549,52,90.01666666666667
d2-t2-TZ3-b-2TY1-d,2,2,3,baseline,2TY1-d,TY,IA,1200,0.05,0.0025,NA,2.857762389137955e-16,1,16.026350392157905,21,47,5,24.333333333333332,0.8825,0.86,0.9,0.8808333333333334,0,0,0,0,20,1,0.4438412644226759,0,0,16.026350392157905,NA,NA,NA,NA,NA,NA,NA,NA,NA,NA,NA,NA,NA,NA,NA,NA,NA,NA,NA,NA,NA,NA,NA,NA,42,20
d2-t2-TZ3-b-2TX2-i,2,2,3,baseline,2TX2-i,TX,IB,1200,16.5,0.825,1.1666666666666667,0.5327436512092695,3,9.937217357686135,0,2,0,0.6666666666666667,0.5175,0.725,0.6933333333333334,0.6452777777777777,3.45,0.16666666666666666,0.6833333333333333,1.4333333333333333,4.3,0.215,4.459120362367805,0.31666666666666665,0.015833333333333335,9.91522606937932,NA,NA,NA,NA,NA,NA,NA,NA,NA,NA,NA,NA,NA,NA,NA,NA,NA,NA,NA,NA,NA,NA,NA,0.0868,16,20
d2-t2-TZ3-t-2TX2-i,2,2,3,trial,2TX2-i,TX,IB,5401,72.13333333333334,0.8013330864654694,5.683333333333334,0.6016041244831741,2,0.28005995280134816,0,0,0,0,0.5321236807998518,0.366969079800037,0.26272912423625255,0.38727396161204714,18.4,21.716666666666665,22.916666666666668,21.011111111111113,50.96666666666667,0.5661914460285132,2.7762987498310334,20.566666666666666,0.22847620810960934,8.390838273680732,10.833333333333334,TRUE,0.5478138208006108,0.901565910297323,0.5400428398101847,0.5839108153134872,0.8666666666666664,0.3401236443371051,21.183333333333334,TRUE,0.4956603168223913,NA,FALSE,0.4400874060665352,NA,FALSE,0.4252722742317609,21.183333333333334,9.9,9.9,2.1666666666666665,0.5678475110148107,0.5678475110148107,0.0868,16,90.01666666666667
d2-t2-TZ4-b-2TX1-d,2,2,4,baseline,2TX1-d,TX,IA,1200,11.85,0.5925,0,1.4805081652732233,12,1.6243412959345256,146,108,96,116.66666666666667,0.9816666666666667,0.6358333333333334,0.8916666666666667,0.836388888888889,0,0,0,0,19.883333333333333,0.9941666666666666,0.848741994600858,18.516666666666666,0.9258333333333333,1.1020236425768213,NA,NA,NA,NA,NA,NA,NA,NA,NA,NA,NA,NA,NA,NA,NA,NA,NA,NA,NA,NA,NA,NA,NA,0.1683,46,20
d2-t2-TZ4-t-2TX1-d,2,2,4,trial,2TX1-d,TX,IA,5401,55.2,0.6132197741159044,12.816666666666666,1.8424503052896253,0,1.65607050457016,10,6,0,5.333333333333333,0.7778189224217738,0.8398444732456952,0.8628031845954452,0.8268221934209714,12.516666666666667,7.283333333333333,6.516666666666667,8.772222222222222,88.11666666666666,0.9788927976300685,0.9804077307417238,80.71666666666667,0.8966857989261248,1.8139224908502338,17.016666666666666,TRUE,0.782157684100491,0.8951012256475761,1.5129282690039385,2.0733206368035244,0.598888888888889,0.49039595916140577,18.416666666666668,TRUE,0.13620834369034487,16.916666666666668,TRUE,0.4887613455948841,18.366666666666667,TRUE,0.21575562147198524,17.9,15.633333333333333,14.833333333333334,2.183333333333333,0.7498784226068945,1.0206359452592877,0.1683,46,90.01666666666667
d2-t2-TZ5-b-2TZ3-i,2,2,5,baseline,2TZ3-i,TZ,IB,1200,19.8,0.99,0,1.5015343919497708,327,1.430869578600665,76,1122,45,414.33333333333337,0.9916666666666667,0.9933333333333333,0.9441666666666667,0.9763888888888889,0,0,0,0,14.583333333333334,0.7291666666666666,2.2297854912089083,12.316666666666666,0.6158333333333333,4.195759463219041,NA,NA,NA,NA,NA,NA,NA,NA,NA,NA,NA,NA,NA,NA,NA,NA,NA,NA,NA,NA,NA,NA,NA,0.1307,8,20
d2-t2-TZ5-t-2TZ3-i,2,2,5,trial,2TZ3-i,TZ,IB,5401,86.86666666666666,0.9650064802814293,1.05,1.1053427749373665,0,3.1485514639607297,0,0,0,0,0.7970746158118867,0.8579892612479171,0.7724495463803,0.8091711411467012,1.3,9.283333333333333,7.716666666666667,6.1,58.06666666666667,0.6450657285687835,2.596219238815061,46.11666666666667,0.5123125347157934,4.806261665294878,5.966666666666667,TRUE,0.8653719270093504,0.8789136896045817,1.2005357857444219,0.9511206864087164,0.9866666666666668,0.11476144430512614,58.733333333333334,TRUE,0.06655533900758191,21.983333333333334,TRUE,0.09391313104893075,22.116666666666667,TRUE,0.2376188889245713,34.27777777777778,1.5666666666666667,1.5333333333333334,2.8833333333333333,3.1124900869816172,3.5588341232951297,0.1307,8,90.01666666666667
d2-t2-TZ6-b-2TZ2-i,2,2,6,baseline,2TZ2-i,TZ,IB,1200,17.6,0.88,0,0.9584021196785988,20,0.5412065621477244,118,0,0,39.33333333333333,0.9025,0.7425,0.9233333333333333,0.8561111111111112,0,0,0,0,16.8,0.84,1.2766119975355728,14.416666666666666,0.7208333333333333,2.9275496054377803,NA,NA,NA,NA,NA,NA,NA,NA,NA,NA,NA,NA,NA,NA,NA,NA,NA,NA,NA,NA,NA,NA,NA,0.1724,20,20
d2-t2-TZ6-b-2TZ3-i,2,2,6,baseline,2TZ3-i,TZ,IB,1200,15.416666666666666,0.7708333333333334,0,0.8506151462821818,19,1.2643503490578072,29,21,21,23.666666666666668,0.9425,0.9233333333333333,0.9566666666666667,0.9408333333333333,0,0,0,0,14.333333333333334,0.7166666666666667,2.3051819335662374,11.85,0.5925,4.8349770684658715,NA,NA,NA,NA,NA,NA,NA,NA,NA,NA,NA,NA,NA,NA,NA,NA,NA,NA,NA,NA,NA,NA,NA,0.2153,44,20
d2-t2-TZ6-t-2TZ2-i,2,2,6,trial,2TZ2-i,TZ,IB,5401,83.78333333333333,0.9307535641547862,0.9166666666666666,0.8826271577731115,0,2.5189681023848487,223,0,0,74.33333333333334,0.8633586372893909,0.6352527309757452,0.819663025365673,0.7727581312102697,0,8.683333333333334,3.15,3.9444444444444446,63.93333333333333,0.7102388446583966,2.0638423914844575,48.483333333333334,0.5386039622292168,4.425473000376744,6.216666666666667,TRUE,0.7537926715399846,0.8835865861785517,1.0197783763698818,0.875270739174213,0.906666666666667,0.29106073507374486,14.416666666666666,TRUE,0.31306372957661377,15.05,TRUE,0.46320555585310147,11.666666666666666,TRUE,0.2926086541720038,13.71111111111111,4.766666666666667,4.766666666666667,3.283333333333333,0.8265835173230223,1.0378572835127504,0.1724,20,90.01666666666667
d2-t2-TZ6-t-2TZ3-i,2,2,6,trial,2TZ3-i,TZ,IB,5401,48.31666666666667,0.5367524532493982,15.883333333333333,0.6934643766803837,0,1.121425813214323,0,3,2,1.6666666666666667,0.6763562303277171,0.6250694315867432,0.749305684132568,0.6835771153490094,15.483333333333333,13.683333333333334,9.733333333333333,12.966666666666667,78.68333333333334,0.8740973893723385,1.6935375003288082,69.36666666666666,0.7705980374004814,3.128373853257413,NA,FALSE,NA,NA,0.9543576710703788,1.0011997924119556,0.8500000000000001,0.3572699599030972,NA,FALSE,0.19076438814918703,NA,FALSE,0.10488029560352806,NA,FALSE,0.06655533900758195,NA,78.68333333333334,69.36666666666666,48.31666666666667,1.6935375003288082,3.128373853257413,0.2153,44,90.01666666666667
d2-t2-TZ7-b-2TX1-i,2,2,7,baseline,2TX1-i,TX,IB,1200,10.716666666666667,0.5358333333333334,1.5,0.5972980477064207,0,0.9921889182471407,50,0,78,42.666666666666664,0.7675,0.8141666666666667,0.8491666666666666,0.8102777777777778,0,0.3333333333333333,0,0.1111111111111111,18.083333333333332,0.9041666666666667,1.5008407884466464,18.066666666666666,0.9033333333333333,1.5145510429587428,NA,NA,NA,NA,NA,NA,NA,NA,NA,NA,NA,NA,NA,NA,NA,NA,NA,NA,NA,NA,NA,NA,NA,0.132,28,20
d2-t2-TZ7-t-2TX1-i,2,2,7,trial,2TX1-i,TX,IB,5401,34.63333333333333,0.3847435660062951,18.75,0.43383260679895763,0,1.6858444893617552,0,0,0,0,0.7302351416404369,0.6595074986113683,0.6857989261247917,0.691847188792199,5.85,4.65,6.416666666666667,5.638888888888888,79.56666666666666,0.8839103869653768,1.6397518888389537,75.33333333333333,0.8368820588779856,2.2731162911074922,20.283333333333335,TRUE,0.7304473156353554,0.8049272023468235,0.6119618078248266,0.9493255861910009,0.5422222222222227,0.49849111096863463,18.1,TRUE,0.43389342315512497,17.166666666666668,TRUE,0.3815984179920216,30.733333333333334,TRUE,0.39599246942624555,22,18.966666666666665,18.966666666666665,0.9333333333333333,1.116312217884246,1.116312217884246,0.132,28,90.01666666666667
d2-t2-TZ8-b-2TY1-i,2,2,8,baseline,2TY1-i,TY,IB,1200,15.066666666666666,0.7533333333333333,0,1.6636889537210318,0,2.8566980732762124,69,114,657,280,0.9808333333333333,0.935,0.9941666666666666,0.97,0,0,0,0,18.116666666666667,0.9058333333333334,1.3838037050731804,14.65,0.7325,3.339606781183162,NA,NA,NA,NA,NA,NA,NA,NA,NA,NA,NA,NA,NA,NA,NA,NA,NA,NA,NA,NA,NA,NA,NA,0.1468,24,20
d2-t2-TZ8-b-2TY2-i,2,2,8,baseline,2TY2-i,TY,IB,1200,17.166666666666668,0.8583333333333333,0,0.6290898176362216,12,1.0932125659189205,NA,NA,45,45,1,1,0.9291666666666667,0.9763888888888889,0,0,0,0,19.9,0.995,1.164234587317861,19.9,0.995,1.1652169195092408,NA,NA,NA,NA,NA,NA,NA,NA,NA,NA,NA,NA,NA,NA,NA,NA,NA,NA,NA,NA,NA,NA,NA,0.1876,48,20
d2-t2-TZ8-t-2TY1-i,2,2,8,trial,2TY1-i,TY,IB,5401,22.766666666666666,0.2529161266432142,31.666666666666668,0.3689693638361616,0,1.0520374136107704,22,0,22,14.666666666666666,0.5680429550083318,0.46972782817996667,0.5728568783558601,0.5368758871813861,0,30.783333333333335,0,10.261111111111113,80.18333333333334,0.8907609701907054,1.5522446691116132,64.68333333333334,0.7185706350675801,4.341516576928902,88.13333333333334,TRUE,0.7268093708752319,0.9413641613195873,2.007650932998785,1.9017156592897846,0.8288888888888885,0.37681542601440077,NA,FALSE,0.12381685774869651,88.68333333333334,TRUE,0.2420704541941391,88.68333333333334,TRUE,0.08789691831157449,88.68333333333334,77.88333333333334,62.38333333333333,20.716666666666665,1.5711783857496249,4.433555006007629,0.1468,24,90.01666666666667
d2-t2-TZ8-t-2TY2-i,2,2,8,trial,2TY2-i,TY,IB,5401,49.666666666666664,0.5517496759859285,5.5,0.6298092070305594,2,0.6114351324361381,2,0,4,2,0.44102943899277913,0.542121829290872,0.4493612294019626,0.4775041658952046,24.266666666666666,21.933333333333334,0,15.4,85.36666666666666,0.9483428994630624,1.224521033673212,79.71666666666667,0.8855767450472135,2.3163454133677512,78.55,TRUE,0.8261279329527917,0.8408134087673033,0.6485775888569745,0.6982285324229056,0.9311111111111112,0.25340591821615494,88.51666666666667,TRUE,0,72.81666666666666,TRUE,0,75.93333333333334,TRUE,0.17068207081946762,79.08888888888889,73.81666666666666,69.11666666666666,40.016666666666666,1.253540303553271,2.3784321928973635,0.1876,48,90.01666666666667
d2-t2-TZ9-b-2TZ1-d,2,2,9,baseline,2TZ1-d,TZ,IA,1200,19.833333333333332,0.9916666666666667,0,1.2229295590999252,52,3.8718302989359654,24,376,203,201,0.9833333333333333,0.9925,0.9916666666666667,0.9891666666666666,0,0,0,0,12.45,0.6225,2.507285974047842,10.8,0.54,3.7021152480951374,NA,NA,NA,NA,NA,NA,NA,NA,NA,NA,NA,NA,NA,NA,NA,NA,NA,NA,NA,NA,NA,NA,NA,0.1019,50,20
d2-t2-TZ9-t-2TZ1-d,2,2,9,trial,2TZ1-d,TZ,IA,5401,36.2,0.4021477504165895,29.1,0.34173310687706754,2,8.02411833171785,0,6,6,4,0.5215700796148861,0.31234956489538973,0.2727272727272727,0.3688823057458495,31.9,51.5,39.35,40.916666666666664,55.266666666666666,0.6139603777078319,2.620613434513892,41.833333333333336,0.46472875393445656,5.359322458637683,NA,FALSE,NA,NA,1.2996370691034227,0.9106697043160185,0.9966666666666667,0.057670769773934455,NA,FALSE,0,NA,FALSE,0.09955406689742753,NA,FALSE,0.08789691831157442,NA,55.266666666666666,41.833333333333336,36.2,2.620613434513892,5.359322458637683,0.1019,50,90.01666666666667
d3-t2-TZ1-b-3TY1-i,3,2,1,baseline,3TY1-i,TY,IB,1200,6.95,0.3475,9.216666666666667,0.7607499122751431,0,0.436623363890112,0,96,0,32,0.8058333333333333,0.6225,0.64,0.6894444444444444,0.13333333333333333,0,0,0.044444444444444446,19.85,0.9925,0.9589802838272234,19.133333333333333,0.9566666666666667,1.0548873695067567,NA,NA,NA,NA,NA,NA,NA,NA,NA,NA,NA,NA,NA,NA,NA,NA,NA,NA,NA,NA,NA,NA,NA,0.1188,1,20
d3-t2-TZ1-t-3TY1-i,3,2,1,trial,3TY1-i,TY,IB,5401,43.45,0.48268839103869654,38.05,1.0152331812470041,0,0.5732428085239534,8,0,8,5.333333333333333,0.6443251249768561,0.6145158304017775,0.5924828735419366,0.6171079429735234,29.983333333333334,16.433333333333334,0,15.472222222222223,87.15,0.9681540455471209,1.023615433777431,82.2,0.9131642288465099,1.616003473140577,39.6,TRUE,0.6739447337558697,0.9482781469880617,0.9609768251695278,1.5884542109609177,0.46333333333333054,0.4989310040775272,34.666666666666664,TRUE,0.32772440800695213,24.966666666666665,TRUE,0.452455911113636,34.03333333333333,TRUE,0.47359521078726574,31.22222222222222,38,37.983333333333334,0.8333333333333334,0.991694449699404,1.0765004187280516,0.1188,1,90.01666666666667
d3-t2-TZ10-b-3TZ2-d,3,2,10,baseline,3TZ2-d,TZ,IA,1200,11.733333333333333,0.5866666666666667,2.75,0.737276276868302,0,0.7384707795469525,0,0,0,0,0.2633333333333333,0.26,0.5683333333333334,0.3638888888888889,9.7,0.65,3.316666666666667,4.555555555555555,18.133333333333333,0.9066666666666666,1.3820465036902967,17.683333333333334,0.8841666666666667,1.4200933449195983,NA,NA,NA,NA,NA,NA,NA,NA,NA,NA,NA,NA,NA,NA,NA,NA,NA,NA,NA,NA,NA,NA,NA,NA,17,20
d3-t2-TZ10-t-3TZ2-d,3,2,10,trial,3TZ2-d,TZ,IA,5401,29.766666666666666,0.3306795037955934,5.116666666666666,0.48424132519208374,5,3.7542012313858777,6,0,0,2,0.2725421218292909,0.2501388631734864,0.3249398259581559,0.28254027032031104,27.983333333333334,39.65,16.783333333333335,28.13888888888889,74.8,0.8309572301425662,1.5895625852924886,69.2,0.7687465284206628,2.3489029095534764,NA,FALSE,NA,NA,0.883945631746219,1.1128828925922398,0.6288888888888877,0.4833707297616491,55.38333333333333,TRUE,0.4716666306365806,54.93333333333333,TRUE,0.4545272071932033,55.03333333333333,TRUE,0.47894747207140304,55.11666666666667,74.8,69.2,29.766666666666666,1.5895625852924886,2.3489029095534764,NA,17,90.01666666666667
d3-t2-TZ2-b-3TZ2-i,3,2,2,baseline,3TZ2-i,TZ,IB,1200,3.8666666666666667,0.19333333333333333,7.183333333333334,0.2589854755178027,0,5.116479622766951,0,0,0,0,0.060833333333333336,0.04583333333333333,0.105,0.07055555555555555,19.116666666666667,NA,7.55,13.333333333333334,10.133333333333333,0.5066666666666667,3.4715654953443855,10,0.5,3.5270348218071215,NA,NA,NA,NA,NA,NA,NA,NA,NA,NA,NA,NA,NA,NA,NA,NA,NA,NA,NA,NA,NA,NA,NA,0.137,51,20
d3-t2-TZ2-b-3TY3-d,3,2,2,baseline,3TY3-d,TY,IA,1200,0.03333333333333333,0.0016666666666666668,NA,1.7726374412402685e-16,0,1.9198592867206734,13,4,17,11.333333333333334,0.6116666666666667,0.46416666666666667,0.58,0.5519444444444445,0.06666666666666667,2.533333333333333,0,0.8666666666666667,20,1,1.31087950044009,20,1,1.9198592867206727,NA,NA,NA,NA,NA,NA,NA,NA,NA,NA,NA,NA,NA,NA,NA,NA,NA,NA,NA,NA,NA,NA,NA,0.165,25,20
d3-t2-TZ2-t-3TZ2-i,3,2,2,trial,3TZ2-i,TZ,IB,5400,51.8,0.5755555555555556,10.516666666666667,0.7432165695212442,0,3.6449841047038394,0,0,0,0,0.4968518518518519,0.3711111111111111,0.30814814814814817,0.3920370370370371,15.566666666666666,24.983333333333334,39.03333333333333,26.52777777777778,67.4,0.7488888888888889,2.0694058534882873,59.8,0.6644444444444444,2.829186055477806,11.783333333333333,TRUE,0.829739662568089,0.9704761482989647,0.2828304215642107,0.529719949110866,0.25777777777777916,0.43765422268955034,11.95,TRUE,0.2731574716638627,11.466666666666667,TRUE,0.23966719808639925,11.466666666666667,TRUE,0.3471799628220102,11.627777777777776,0,0,0.08333333333333333,4.695540456147128,4.695540456147128,0.137,51,90
d3-t2-TZ2-t-3TY3-d,3,2,2,trial,3TY3-d,TY,IA,5401,19.783333333333335,0.21977411590446214,53.333333333333336,0.48401472303958976,0,1.7778883441039672,0,0,140,46.66666666666667,0.3614145528605814,0.5443436400666544,0.39418626180336974,0.4333148182435352,26.45,26.366666666666667,37,29.938888888888886,89.95,0.9992593964080726,1.2410891475474015,87.56666666666666,0.9727828179966673,1.6832333344259502,18.4,TRUE,0.9774280652048762,0.9873468302395865,9.870937361043911e-17,2.9612812083131547e-15,0.002222222222222266,0.047114226512634395,27.633333333333333,TRUE,0.4804234981645373,23.566666666666666,TRUE,0.500069207915739,38.083333333333336,TRUE,0.4832043670623878,29.761111111111113,17.466666666666665,17.466666666666665,0,1.4264736523157282,1.7949660269594252,0.165,25,90.01666666666667
d3-t2-TZ3-b-3TY3-i,3,2,3,baseline,3TY3-i,TY,IB,1200,19.933333333333334,0.9966666666666667,0,4.167351027989194,70,8.458577142958255,26,NA,798,412,0.9691666666666666,1,0.9833333333333333,0.9841666666666666,0,0,0,0,19.433333333333334,0.9716666666666667,0.6069519165420586,18.216666666666665,0.9108333333333334,1.1209537782025458,NA,NA,NA,NA,NA,NA,NA,NA,NA,NA,NA,NA,NA,NA,NA,NA,NA,NA,NA,NA,NA,NA,NA,0.179,41,20
d3-t2-TZ3-b-3TX2-d,3,2,3,baseline,3TX2-d,TX,IA,1200,8.4,0.42,0,0.4226162260092008,2,0.40967761091709304,0,0,0,0,0.13833333333333334,0.4008333333333333,0.1625,0.2338888888888889,3.783333333333333,0,4.066666666666666,2.6166666666666667,17.816666666666666,0.8908333333333334,1.1744640898038208,17.233333333333334,0.8616666666666667,1.516377933723956,NA,NA,NA,NA,NA,NA,NA,NA,NA,NA,NA,NA,NA,NA,NA,NA,NA,NA,NA,NA,NA,NA,NA,0.1088,15,20
d3-t2-TZ3-t-3TY3-i,3,2,3,trial,3TY3-i,TY,IB,5401,71.36666666666666,0.792816145158304,13.95,3.17107855189732,0,0.4950466317130623,0,0,0,0,0.8207739307535642,0.7944825032401407,0.7968894649139048,0.8040486329692033,3.283333333333333,12.183333333333334,3.216666666666667,6.227777777777778,81.8,0.9087206072949454,1.1387343366097629,68.63333333333334,0.7624513978892797,2.690635890571089,52.46666666666667,TRUE,0.8875625603457564,0.961144171525558,4.930225826145968,1.8835169036893962,1,0,52.46666666666667,TRUE,0.17960530202677494,50.18333333333333,TRUE,0,53.1,TRUE,0.14748750651470774,51.916666666666664,44.13333333333333,31.266666666666666,33.666666666666664,1.6806221268650166,4.319163845841267,0.179,41,90.01666666666667
d3-t2-TZ3-t-3TX2-d,3,2,3,trial,3TX2-d,TX,IA,5401,50.03333333333333,0.5558229957415294,25.216666666666665,0.5312941244847577,0,0.5043270726087679,0,0,0,0,0.1566376596926495,0.3175337900388817,0.34419551934826886,0.2727889896932667,50.43333333333333,28.916666666666668,28.483333333333334,35.94444444444444,78.68333333333334,0.8740973893723385,1.4123255671292283,62.31666666666667,0.6922792075541566,3.502119403418875,25.766666666666666,TRUE,0.7901233619572167,0.9688238982162753,0.37559975321244743,0.5168209757406198,0.3266666666666655,0.46925496531140676,29.35,TRUE,0.27315747166386795,29.583333333333332,TRUE,0.48154162686177776,28.966666666666665,TRUE,0.36577570655677094,29.3,25.316666666666666,25.316666666666666,0.25,0.4720268203666685,0.4720268203666685,0.1088,15,90.01666666666667
d3-t2-TZ4-b-3TX3-i,3,2,4,baseline,3TX3-i,TX,IB,1200,2.533333333333333,0.12666666666666668,4.25,0.2590291550913149,0,0.9442709354013181,0,0,27,9,0.44,0.41,0.5625,0.4708333333333333,0.9,0.9333333333333333,0,0.611111111111111,19.683333333333334,0.9841666666666666,1.5686712268767646,18.816666666666666,0.9408333333333333,1.6614632082730172,NA,NA,NA,NA,NA,NA,NA,NA,NA,NA,NA,NA,NA,NA,NA,NA,NA,NA,NA,NA,NA,NA,NA,0.1108,9,20
d3-t2-TZ4-t-3TX3-i,3,2,4,trial,3TX3-i,TX,IB,5401,35.55,0.39492686539529714,22.033333333333335,0.593867663804815,5,2.6484774269831646,0,0,0,0,0.5784114052953157,0.5062025550823922,0.48676171079429736,0.5237918903906684,8.183333333333334,22.266666666666666,19.766666666666666,16.73888888888889,81.95,0.9103869653767821,1.7573684166400467,72.83333333333333,0.8091094241807073,2.9453532486423284,13.9,TRUE,0.9436879115634197,0.9449204972746744,0.27770357501210075,0.7744204781494052,0.12444444444444436,0.33027143962042343,20.233333333333334,TRUE,0.4851012251229137,30.966666666666665,TRUE,0.48307275652626763,19.95,TRUE,0.5000000000000033,23.716666666666665,12.6,12.6,0.2833333333333333,2.1132787656296212,2.1185639401041123,0.1108,9,90.01666666666667
d3-t2-TZ5-b-3TY1-d,3,2,5,baseline,3TY1-d,TY,IA,1200,12.3,0.615,0,0.895193364470212,20,0.1552817218137912,146,0,7,51,0.6733333333333333,0.425,0.57,0.5561111111111111,0,1.05,0,0.35,19.916666666666668,0.9958333333333333,0.6155225663577181,17.033333333333335,0.8516666666666667,2.002511242602834,NA,NA,NA,NA,NA,NA,NA,NA,NA,NA,NA,NA,NA,NA,NA,NA,NA,NA,NA,NA,NA,NA,NA,0.2072,19,20
d3-t2-TZ5-b-3TY3-i,3,2,5,baseline,3TY3-i,TY,IB,1123,9.333333333333334,0.4986642920747996,3.8,0.3499815520973553,0,4.603995363325539,47,0,0,15.666666666666668,0.6402493321460374,0.6144256455921638,0.4594835262689225,0.5713861680023746,0,2.683333333333333,4.933333333333334,2.538888888888889,11.466666666666667,0.6126447016918967,2.351055528145911,11.466666666666667,0.6126447016918967,2.3518699995432786,NA,NA,NA,NA,NA,NA,NA,NA,NA,NA,NA,NA,NA,NA,NA,NA,NA,NA,NA,NA,NA,NA,NA,0.1226,7,18.716666666666665
d3-t2-TZ5-t-3TY1-d,3,2,5,trial,3TY1-d,TY,IA,5401,62.38333333333333,0.693019811146084,16.916666666666668,1.160261735346346,4,0.37869438319365567,3,4,3,3.3333333333333335,0.2884650990557304,0.44065913719681543,0.49287169042769857,0.4073319755600815,33.45,33.18333333333333,30.233333333333334,32.288888888888884,89.1,0.9898167006109979,0.45354101586552026,85.16666666666667,0.9461210886872802,0.8556091700720051,28.85,TRUE,0.8550978274854752,0.966622140950593,0.7369007412424537,1.0985115821924045,0.544444444444441,0.49829768300921196,34.733333333333334,TRUE,0.4914847768478586,34.766666666666666,TRUE,0.4887613455948816,35.333333333333336,TRUE,0.4986745501905873,34.94444444444444,27.733333333333334,27.733333333333334,6.25,0.3055817000671964,0.3055817000671964,0.2072,19,90.01666666666667
d3-t2-TZ5-t-3TY3-i,3,2,5,trial,3TY3-i,TY,IB,5387,47.8,0.5323927974754038,18.416666666666668,0.5230534503942106,0,0.2508413441425749,1,35,8,14.666666666666668,0.5036198255058474,0.6588082420642287,0.677742713940969,0.6133902605036817,10.95,0,0,3.65,78.53333333333333,0.8746983478745127,1.1126201563398572,71.58333333333333,0.797289771672545,2.044283178970363,19.583333333333332,TRUE,0.6929561087329519,0.8703834304596254,0.41221083748670323,0.6621133849754991,0.600243013365735,0.4901461515457329,23.9,TRUE,0.47861059365461256,24.25,TRUE,0.4534981924494664,9.8,TRUE,0.49652730511648524,19.316666666666666,18.7,18.7,0.2833333333333333,0.2764882093195029,0.2764882093195029,0.1226,7,89.78333333333333
d3-t2-TZ7-b-3TZ3-i,3,2,7,baseline,3TZ3-i,TZ,IB,1200,11.7,0.585,1.7666666666666666,0.6073874187233118,0,12.801577665607022,0,0,0,0,0.7191666666666666,0.745,0.8041666666666667,0.7561111111111111,3.6166666666666667,1.6833333333333333,0,1.7666666666666666,13.55,0.6775,2.490318254039702,7.966666666666667,0.3983333333333333,6.047256762021304,NA,NA,NA,NA,NA,NA,NA,NA,NA,NA,NA,NA,NA,NA,NA,NA,NA,NA,NA,NA,NA,NA,NA,NA,11,20
d3-t2-TZ7-t-3TZ3-i,3,2,7,trial,3TZ3-i,TZ,IB,5401,52.1,0.5787817070912794,19.583333333333332,0.8131672018776924,0,6.345402081973677,171,1,0,57.33333333333333,0.5904462136641363,0.7061655249027958,0.7604147380114794,0.6856754921928039,0.13333333333333333,19.4,6.6,8.71111111111111,61.483333333333334,0.6830216626550639,2.573862304230381,41.86666666666667,0.4650990557304203,4.892596645001957,29.233333333333334,TRUE,0.8781604519242485,0.9106024368114141,0.6843301564338539,0.9157588671404226,0.6666666666666675,0.47166663063658065,20.633333333333333,TRUE,0.36263499610892314,27.066666666666666,TRUE,0.4002224075790401,21.666666666666668,TRUE,0.34368609730631455,23.12222222222222,9.333333333333334,9.183333333333334,4.183333333333334,4.6482459800482046,4.650969958080064,NA,11,90.01666666666667
d3-t2-TZ8-b-3TZ3-i,3,2,8,baseline,3TZ3-i,TZ,IB,1200,6.233333333333333,0.31166666666666665,3.066666666666667,0.5188369651166505,0,1.5768993735748433,0,0,0,0,0.575,0.7291666666666666,0.6733333333333333,0.6591666666666667,0,0,0,0,19.65,0.9825,1.3918550617660985,17.95,0.8975,1.5876497947894204,NA,NA,NA,NA,NA,NA,NA,NA,NA,NA,NA,NA,NA,NA,NA,NA,NA,NA,NA,NA,NA,NA,NA,NA,45,20
d3-t2-TZ8-b-3TY2-i,3,2,8,baseline,3TY2-i,TY,IB,1200,10.666666666666666,0.5333333333333333,0,0.5960012563077463,0,4.174628029747858,16,8,54,26,0.2833333333333333,0.36583333333333334,0.36666666666666664,0.3386111111111111,0,0,0,0,16.416666666666668,0.8208333333333333,1.7579966992873557,12.583333333333334,0.6291666666666667,4.030190758482607,NA,NA,NA,NA,NA,NA,NA,NA,NA,NA,NA,NA,NA,NA,NA,NA,NA,NA,NA,NA,NA,NA,NA,NA,47,20
d3-t2-TZ8-t-3TZ3-i,3,2,8,trial,3TZ3-i,TZ,IB,5401,7.866666666666666,0.08739122384743565,46.4,0.19811743926133768,0,0.8124076278233885,0,0,0,0,0.4854656545084244,0.45954452879096463,0.5286058137381966,0.4912053323458619,0,18.533333333333335,13.533333333333333,10.68888888888889,88.25,0.9803740048139233,1.296122495109693,53.78333333333333,0.5974819477874468,2.285252908244163,NA,FALSE,NA,NA,0.5376081725148545,0.7764568544462979,0.343333333333333,0.4750856137352489,77.81666666666666,TRUE,0.5002335383408221,77.85,TRUE,0.4594763614791588,78.85,TRUE,0.48058974811611593,78.17222222222222,88.25,53.78333333333333,7.866666666666666,1.296122495109693,2.285252908244163,NA,45,90.01666666666667
d3-t2-TZ8-t-3TY2-i,3,2,8,trial,3TY2-i,TY,IB,5401,35.9,0.39881503425291615,16.866666666666667,0.46723865399050507,0,3.3512681895267824,0,2,0,0.6666666666666667,0.3192001481207184,0.26402518052212554,0.29827809664876875,0.29383447509720423,28.2,50.45,33.35,37.333333333333336,48.2,0.5354563969635253,2.3578570109480803,35.93333333333333,0.39918533604887985,4.125244895008811,17.133333333333333,TRUE,0.719801388202271,0.827789802560066,0.624940506391602,1.2114258678794214,0.4711111111111129,0.49944227948051473,27.916666666666668,TRUE,0.40022240757904043,51.36666666666667,TRUE,0.46455239047413965,24.133333333333333,TRUE,0.46966434841600496,34.47222222222222,0,0,0.25,3.5006409730928096,4.324141599729477,NA,47,90.01666666666667
d3-t2-TZ9-b-3TX2-i,3,2,9,baseline,3TX2-i,TX,IB,1200,11.683333333333334,0.5841666666666666,4.433333333333334,1.4646936693854309,5,0.9382293340242381,9,7,0,5.333333333333333,0.7033333333333334,0.7216666666666667,0.6666666666666666,0.6972222222222222,1.2166666666666666,0.23333333333333334,4.433333333333334,1.961111111111111,16.4,0.82,1.4714198389286721,15.733333333333333,0.7866666666666666,1.8438235327056587,NA,NA,NA,NA,NA,NA,NA,NA,NA,NA,NA,NA,NA,NA,NA,NA,NA,NA,NA,NA,NA,NA,NA,NA,49,20
d3-t2-TZ9-t-3TX2-i,3,2,9,trial,3TX2-i,TX,IB,5401,53.96666666666667,0.5995186076652472,7.033333333333333,0.8738159310829356,0,5.39534749673283,6,1,7,4.666666666666667,0.520459174226995,0.5474912053323459,0.6465469357526384,0.571499105103993,26.15,24.883333333333333,24.766666666666666,25.266666666666666,47.5,0.5276800592482873,2.9046557576759504,40.416666666666664,0.4489909276059989,3.934325872000583,46.766666666666666,TRUE,0.7698175828633991,0.8249314925181748,1.8822187082314397,1.625674508898145,0.7355555555555577,0.44128216240239104,50.81666666666667,TRUE,0.37584165837367856,46.8,TRUE,0.33402782675933423,46.766666666666666,TRUE,0.3959924694262402,48.12777777777777,15.25,13.1,16.283333333333335,3.738225845602596,4.369025793847765,NA,49,90.01666666666667
d4-t1-TZ1-b-4TY2-d,4,1,1,baseline,4TY2-d,TY,IA,1200,0.016666666666666666,8.333333333333334e-4,NA,2.1161042716932975e-16,1,1.1273058956174336,119,442,0,187,0.11583333333333333,0.06833333333333333,0.02666666666666667,0.07027777777777777,15.733333333333333,19.066666666666666,19.466666666666665,18.08888888888889,20,1,1.070853350958929,20,1,1.1273058956174336,NA,NA,NA,NA,NA,NA,NA,NA,NA,NA,NA,NA,NA,NA,NA,NA,NA,NA,NA,NA,NA,NA,NA,0.1344,2,20
d4-t1-TZ1-t-4TY2-d,4,1,1,trial,4TY2-d,TY,IA,5401,25.6,0.2843917793001296,34.266666666666666,0.5223050381788077,0,2.1896507193740167,0,63,0,21,0.5934086280318459,0.6350675800777634,0.6108128124421404,0.6130963401839166,0,0.26666666666666666,0.26666666666666666,0.17777777777777776,87.5,0.9720422144047398,1.2560517489704879,83.78333333333333,0.9307535641547862,2.041634239624939,NA,FALSE,NA,NA,1.340077593308778e-16,4.020232779926313e-15,0,0,5.5,TRUE,0.3620693618716993,5.283333333333333,TRUE,0.30902292009750443,7.316666666666666,TRUE,0.18528222234124028,6.033333333333333,87.5,83.78333333333333,25.6,1.2560517489704879,2.041634239624939,0.1344,2,90.01666666666667
d4-t1-TZ10-b-4TX2-i,4,1,10,baseline,4TX2-i,TX,IB,1200,1.2,0.06,15.85,0.2174967085853926,0,1.1071159459434343,21,0,5,8.666666666666666,0.7633333333333333,0.715,0.7275,0.7352777777777778,0,2.05,0,0.6833333333333333,16.483333333333334,0.8241666666666667,2.3048940642724283,16.483333333333334,0.8241666666666667,2.3091281290580143,NA,NA,NA,NA,NA,NA,NA,NA,NA,NA,NA,NA,NA,NA,NA,NA,NA,NA,NA,NA,NA,NA,NA,0.1466,22,20
d4-t1-TZ10-t-4TX2-i,4,1,10,trial,4TX2-i,TX,IB,5401,44.833333333333336,0.4980559155711905,21.583333333333332,0.5868636372069368,0,4.56815827836148,3,0,3,2,0.7487502314386225,0.8346602481022033,0.8476208109609331,0.8103437635005863,4.366666666666666,4.066666666666666,1.1,3.1777777777777776,50.86666666666667,0.5650805406406221,2.9411601022967107,43.7,0.4854656545084244,3.8136309302601306,7.35,TRUE,0.7921210186043205,0.9551702054502919,0.21159293115785563,0.39432061641124755,0.08000000000000078,0.2714440434841909,5.366666666666666,TRUE,0.4210664990983667,5.483333333333333,TRUE,0.4027022184591837,5.283333333333333,TRUE,0.4299962777889693,5.377777777777778,0,0,0,5.112638678507464,5.112638678507464,0.1466,22,90.01666666666667
d4-t1-TZ2-b-4TZ3-d,4,1,2,baseline,4TZ3-d,TZ,IA,1200,2.5,0.125,15.683333333333334,0.664398667199307,0,10.266065150785572,72,0,0,24,0.25583333333333336,0.33916666666666667,0.13083333333333333,0.24194444444444446,1.9166666666666667,1.1166666666666667,7.75,3.594444444444444,0,0,5.708226304967321,0,0,9.628488716309622,NA,NA,NA,NA,NA,NA,NA,NA,NA,NA,NA,NA,NA,NA,NA,NA,NA,NA,NA,NA,NA,NA,NA,0.0904,52,20
d4-t1-TZ2-b-4TY1-i,4,1,2,baseline,4TY1-i,TY,IB,1200,11.4,0.57,0,0.6528769269906781,49,3.9021048061039827,17,22,21,20,0.5908333333333333,0.8033333333333333,0.7858333333333334,0.7266666666666667,0,0,0,0,14.433333333333334,0.7216666666666667,2.2048507427293833,11.983333333333333,0.5991666666666666,3.3760421669258287,NA,NA,NA,NA,NA,NA,NA,NA,NA,NA,NA,NA,NA,NA,NA,NA,NA,NA,NA,NA,NA,NA,NA,0.1477,26,20
d4-t1-TZ2-t-4TZ3-d,4,1,2,trial,4TZ3-d,TZ,IA,5400,60.2,0.6688888888888889,12.05,0.6951434045756031,0,0.5596730471528242,0,0,0,0,0.38055555555555554,0.3964814814814815,0.49018518518518517,0.4224074074074074,20.783333333333335,12.95,21.333333333333332,18.355555555555554,69.65,0.7738888888888888,2.027830950697188,60.55,0.6727777777777778,3.5820660762566754,14.916666666666666,TRUE,0.9128724907459991,0.9661814846096752,0.8401588220124706,5.265755758308324,0.16444444444444575,0.37088449464398265,22.65,TRUE,0.4555430452475511,14.55,TRUE,0.4892415667050516,23.25,TRUE,0.3539700156352983,20.15,13.033333333333333,13.033333333333333,0.65,0.7139123428437267,0.7139123428437267,0.0904,52,90
d4-t1-TZ2-t-4TY1-i,4,1,2,trial,4TY1-i,TY,IB,5401,70.23333333333333,0.7802258840955378,11.15,0.8943483386421518,0,0.8782735347495467,1,0,0,0.33333333333333337,0.9083503054989817,0.8979818552119978,0.7496759859285318,0.8520027155465038,1.1833333333333333,0,4.45,1.8777777777777775,62.6,0.6954267728198482,2.478079270641497,46.68333333333333,0.5186076652471765,4.509865559678845,14.35,TRUE,0.8615658310106684,0.9642054469513206,0.7637385165154279,1.2906620797996549,0.6611111111111109,0.4735952107872657,7.783333333333333,TRUE,0.4680088226353445,9.383333333333333,TRUE,0.3460228327239126,17.15,TRUE,0.3116729570149961,11.43888888888889,12.7,12.7,1.2,0.6017431561688348,0.6017431561688348,0.1477,26,90.01666666666667
d4-t1-TZ3-b-4TZ1-d,4,1,3,baseline,4TZ1-d,TZ,IA,1200,15.383333333333333,0.7691666666666667,0,0.6423737764429033,23,2.0713239647587103,20,0,0,6.666666666666666,0.9108333333333334,0.775,0.6625,0.7827777777777778,0,0,0,0,11.633333333333333,0.5816666666666667,2.6851229318242225,9.016666666666667,0.4508333333333333,4.720909475937656,NA,NA,NA,NA,NA,NA,NA,NA,NA,NA,NA,NA,NA,NA,NA,NA,NA,NA,NA,NA,NA,NA,NA,0.0981,46,20
d4-t1-TZ3-t-4TZ1-d,4,1,3,trial,4TZ1-d,TZ,IA,5401,60.28333333333333,0.6696907980003703,18.75,0.5739313039480436,0,3.701232881234142,6,0,0,2,0.5360118496574708,0.8015182373634512,0.6322903166080356,0.6566068012096525,14.383333333333333,14.316666666666666,14.7,14.466666666666667,42.833333333333336,0.4758378078133679,2.941460463330141,28.233333333333334,0.3136456211812627,5.178369847486179,26.133333333333333,TRUE,0.8269210939367426,0.8617036864541987,0.7444206781088539,0.6527995792687442,0.8600000000000004,0.3471799628220109,73.66666666666667,TRUE,0.1147614443051274,25.95,TRUE,0.4002224075790417,31.6,TRUE,0.4459183322825259,43.738888888888894,5.833333333333333,5.833333333333333,4.133333333333334,3.0834097766483293,3.0834097766483293,0.0981,46,90.01666666666667
d4-t1-TZ5-b-4TY2-i,4,1,5,baseline,4TY2-i,TY,IB,1200,16.1,0.805,2.05,0.7635901855688985,3,2.731346983853033,0,18,0,6,0.4925,0.8091666666666667,0.795,0.6988888888888889,3.1666666666666665,0,2.2,1.7888888888888888,12.8,0.64,2.463011740307691,9.266666666666667,0.4633333333333333,4.007110829634385,NA,NA,NA,NA,NA,NA,NA,NA,NA,NA,NA,NA,NA,NA,NA,NA,NA,NA,NA,NA,NA,NA,NA,0.1481,20,20
d4-t1-TZ5-b-4TX1-d,4,1,5,baseline,4TX1-d,TX,IA,1200,14.333333333333334,0.7166666666666667,0,1.5144285112225049,0,0.8165357503222879,22,511,513,348.6666666666667,0.8625,0.9516666666666667,0.9533333333333334,0.9225,0,0,0,0,19.816666666666666,0.9908333333333333,0.9719237229285429,18.066666666666666,0.9033333333333333,1.2926107850609219,NA,NA,NA,NA,NA,NA,NA,NA,NA,NA,NA,NA,NA,NA,NA,NA,NA,NA,NA,NA,NA,NA,NA,0.2777,44,20
d4-t1-TZ5-t-4TY2-i,4,1,5,trial,4TY2-i,TY,IB,5401,62.016666666666666,0.6889464913904833,6.233333333333333,0.6475111825215327,0,0.9174749174172088,0,0,0,0,0.5569339011294204,0.6770968339196445,0.6796889464913904,0.6379065605134852,5.883333333333334,5.033333333333333,4.95,5.288888888888889,62.36666666666667,0.6928346602481023,2.2635294682574227,45.86666666666667,0.5095352712460656,4.5045800925785215,59.93333333333333,TRUE,0.6740037214123088,0.9143415636389324,0.906914699809347,0.8735210871989455,0.9000000000000007,0.3001668056842817,48.36666666666667,TRUE,0.49901150588519755,60.55,TRUE,0.31852730890902725,60.03333333333333,TRUE,0.2679704870513544,56.31666666666667,37.31666666666667,29.733333333333334,32.833333333333336,2.5113210038866924,4.082802764111135,0.1481,20,90.01666666666667
d4-t1-TZ5-t-4TX1-d,4,1,5,trial,4TX1-d,TX,IA,5401,43.266666666666666,0.48065173116089616,15.716666666666667,0.6456251140837024,0,1.190263729023402,0,0,0,0,0.769857433808554,0.7019070542492131,0.6837622662469913,0.7185089181015861,4.483333333333333,4.283333333333333,15.65,8.13888888888889,68.85,0.7648583595630439,2.254949024719683,60.85,0.6759859285317534,3.540092125678831,NA,FALSE,NA,NA,1.5631873428940621,1.5262398306154996,0.7122222222222215,0.45297871580183247,NA,FALSE,0.34602283272391116,71.85,TRUE,0.2456795126563664,NA,FALSE,0.24169303552457422,71.85,68.85,60.85,43.266666666666666,2.254949024719683,3.540092125678831,0.2777,44,90.01666666666667
d4-t1-TZ6-b-4TZ3-i,4,1,6,baseline,4TZ3-i,TZ,IB,1200,14.75,0.7375,1.2166666666666666,1.0620218931544332,5,0.06173431669059374,91,0,2,31,0.7175,0.6958333333333333,0.6375,0.6836111111111111,1,3.8833333333333333,4.6,3.161111111111111,18.866666666666667,0.9433333333333334,1.1678457882530453,15.6,0.78,1.9637909999462535,NA,NA,NA,NA,NA,NA,NA,NA,NA,NA,NA,NA,NA,NA,NA,NA,NA,NA,NA,NA,NA,NA,NA,0.135,34,20
d4-t1-TZ6-b-4TY1-d,4,1,6,baseline,4TY1-d,TY,IA,1200,6.633333333333334,0.33166666666666667,9.85,0.6674045763171104,0,0.2608892651458298,0,0,0,0,0.42333333333333334,0.33166666666666667,0.4066666666666667,0.38722222222222225,3.316666666666667,12.316666666666666,3.5,6.377777777777778,20,1,0.38783578318380074,19.683333333333334,0.9841666666666666,0.4468385479097957,NA,NA,NA,NA,NA,NA,NA,NA,NA,NA,NA,NA,NA,NA,NA,NA,NA,NA,NA,NA,NA,NA,NA,0.1317,42,20
d4-t1-TZ6-t-4TZ3-i,4,1,6,trial,4TZ3-i,TZ,IB,5401,34.68333333333333,0.3852990187002407,22.883333333333333,0.4870531472763819,0,1.530296285744652,0,0,0,0,0.39289020551749676,0.3727087576374745,0.23699314941677468,0.33419737085724865,17.616666666666667,30.7,33.266666666666666,27.194444444444446,85.91666666666667,0.9544528790964636,1.0424581566859572,78.8,0.8753934456582114,2.1341347761630822,NA,FALSE,NA,NA,1.1938169986371847,1.3105378217548684,0.7744444444444449,0.41818004731374697,NA,FALSE,0.42595904427924414,70.15,TRUE,0.3688595229491182,NA,FALSE,0.4122026349210051,70.15,85.91666666666667,78.8,34.68333333333333,1.0424581566859572,2.1341347761630822,0.135,34,90.01666666666667
d4-t1-TZ6-t-4TY1-d,4,1,6,trial,4TY1-d,TY,IA,5401,2.1333333333333333,0.023699314941677468,NA,0.2326082941805505,0,0.6288510412791193,0,0,0,0,0.11645991483058693,0.02462506943158674,0.08294760229587113,0.0746775288526816,0,75.26666666666667,27.2,34.15555555555556,89.93333333333334,0.9990742455100907,0.7139769027833531,87.7,0.9742640251805221,1.0924659785341386,NA,FALSE,NA,NA,0.75939918979444,1.370393702917297,0.44222222222222,0.4969266564006711,NA,FALSE,0.5000000000000039,NA,FALSE,0.491902041408007,NA,FALSE,0.5002767742179339,NA,89.93333333333334,87.7,2.1333333333333333,0.7139769027833531,1.0924659785341386,0.1317,42,90.01666666666667
d4-t1-TZ7-b-4TX1-i,4,1,7,baseline,4TX1-i,TX,IB,1200,16.733333333333334,0.8366666666666667,0,1.0627174237085268,130,3.1458554358925657,72,135,0,69,0.5783333333333334,0.8533333333333334,0.5283333333333333,0.6533333333333333,0,0,0,0,18.816666666666666,0.9408333333333333,1.1271694032213335,18.816666666666666,0.9408333333333333,1.127632644802512,NA,NA,NA,NA,NA,NA,NA,NA,NA,NA,NA,NA,NA,NA,NA,NA,NA,NA,NA,NA,NA,NA,NA,0.1079,54,20
d4-t1-TZ7-t-4TX1-i,4,1,7,trial,4TX1-i,TX,IB,4640,71.3,0.9219827586206897,4.583333333333333,1.2425312398825836,0,0.7189837238461901,0,0,0,0,0.8782327586206896,0.8896551724137931,0.8896551724137931,0.8858477011494252,2.216666666666667,4.666666666666667,4.083333333333333,3.655555555555556,71.66666666666667,0.9267241379310345,1.2423651202449026,70.15,0.9071120689655172,1.536893973518771,7.466666666666667,TRUE,0.5686778853350687,0.9512526490323268,1.2058585087793197,0.8044964056084778,0.9588888888888887,0.19865758851283738,7.383333333333334,TRUE,0.4775830054858598,8.55,TRUE,0.26443261445721944,7.366666666666666,TRUE,0.4928997784244633,7.766666666666667,5.433333333333334,5.433333333333334,1.1333333333333333,0.9683527211736378,0.9683527211736378,0.1079,54,77.33333333333333
d4-t1-TZ8-b-4TZ2-i,4,1,8,baseline,4TZ2-i,TZ,IB,1200,9,0.45,0.2,0.3264978800399608,0,4.415761760979562,0,21,53,24.666666666666668,0.5608333333333333,0.3933333333333333,0.6558333333333334,0.5366666666666666,0,0,0,0,6.95,0.3475,3.577552593752767,4.933333333333334,0.24666666666666667,5.373406765350584,NA,NA,NA,NA,NA,NA,NA,NA,NA,NA,NA,NA,NA,NA,NA,NA,NA,NA,NA,NA,NA,NA,NA,0.1594,24,20
d4-t1-TZ8-b-4TY3-d,4,1,8,baseline,4TY3-d,TY,IA,1200,2.8666666666666667,0.14333333333333334,17.283333333333335,0.24429240252281875,10,12.720741102024444,22,930,0,317.33333333333337,0.26,0.1775,0.20666666666666667,0.21472222222222223,0,16.483333333333334,15.35,10.61111111111111,20,1,0.82650667986342,0.06666666666666667,0.0033333333333333335,13.571176025388699,NA,NA,NA,NA,NA,NA,NA,NA,NA,NA,NA,NA,NA,NA,NA,NA,NA,NA,NA,NA,NA,NA,NA,0.0637,48,20
d4-t1-TZ8-t-4TZ2-i,4,1,8,trial,4TZ2-i,TZ,IB,5401,52.95,0.588224402888354,16.433333333333334,0.519902545858649,0,5.699051446135884,19,0,3,7.333333333333334,0.704499166820959,0.6563599333456768,0.7694871320125902,0.7101154107264087,0,10.883333333333333,2.566666666666667,4.483333333333333,47.86666666666667,0.5317533790038882,2.956068113613239,36.45,0.40492501388631735,4.62491550674379,17.5,TRUE,0.7215210396677627,0.9374680132213321,0.3679423223545611,0.5237241304228601,0.543333333333332,0.498395646293902,6,TRUE,0.4680088226353456,17.016666666666666,TRUE,0.5002767742179343,10.9,TRUE,0.4217776998965456,11.305555555555555,1.6833333333333333,1.6833333333333333,0.7166666666666667,4.356178601703759,4.357384226032472,0.1594,24,90.01666666666667
d4-t1-TZ8-t-4TY3-d,4,1,8,trial,4TY3-d,TY,IA,5401,79.53333333333333,0.8835400851694131,3.25,1.0231669421287186,7,0.2624789677207151,4,2,0,2,0.6037770783188299,0.6646917237548602,0.73653027217182,0.6683330247485033,12.483333333333333,17.133333333333333,3.466666666666667,11.027777777777777,79.65,0.8848361414552861,1.036154495269576,52.766666666666666,0.5861877430105537,4.827249074065887,7.966666666666667,TRUE,0.9567121607625908,0.986353496687341,0.2630017643770272,0.3344443889950146,0.16777777777777977,0.37387659768350123,13.466666666666667,TRUE,0.4675874173152476,19.05,TRUE,0.4088549004425156,9.333333333333334,TRUE,0.4470422164572579,13.95,6.8,4.5,3.1333333333333333,0.535450062669674,4.199557145579574,0.0637,48,90.01666666666667
d4-t1-TZ9-b-4TZ3-i,4,1,9,baseline,4TZ3-i,TZ,IB,1092,4.816666666666666,0.26465201465201466,11.916666666666666,0.25203282018219064,0,1.1681667543750467,0,0,0,0,0.3415750915750916,0.42216117216117216,0.12454212454212454,0.2960927960927961,10.516666666666667,10.066666666666666,16.983333333333334,12.522222222222222,17.933333333333334,0.9853479853479854,1.0011949569574174,15.283333333333333,0.8397435897435898,2.1629704872656776,NA,NA,NA,NA,NA,NA,NA,NA,NA,NA,NA,NA,NA,NA,NA,NA,NA,NA,NA,NA,NA,NA,NA,0.1967,18,18.2
d4-t1-TZ9-t-4TZ3-i,4,1,9,trial,4TZ3-i,TZ,IB,5401,51.516666666666666,0.5723014256619144,15.083333333333334,0.6183965009586357,0,1.6103102600949268,0,0,0,0,0.2708757637474542,0.4982410664691724,0.5695241621921866,0.44621366413627106,21.283333333333335,8.45,15.95,15.227777777777778,79.98333333333333,0.8885391594149231,1.3785005163320831,64.68333333333334,0.7185706350675801,3.231596357144031,15.8,TRUE,0.7528167162310004,0.9317730334996297,0.29569438394984265,0.5605880185365862,0.36489898989899017,0.4817060283499314,22.45,TRUE,0.5002582450138754,17.216666666666665,TRUE,0.4885172630542988,10.2,TRUE,0.3925190316549576,16.622222222222224,14.35,14.35,0.8,1.3175457901379526,1.3175457901379526,0.1967,18,90.01666666666667
d4-t2-TZ1-b-4TZ2-i,4,2,1,baseline,4TZ2-i,TZ,IB,1200,19.633333333333333,0.9816666666666667,0,2.2984875041505184,62,0.6005614103919793,193,513,8,238,0.9508333333333333,0.9958333333333333,0.8283333333333334,0.925,0,0,0,0,13.6,0.68,2.3602540457338104,11.833333333333334,0.5916666666666667,3.6708631781135534,NA,NA,NA,NA,NA,NA,NA,NA,NA,NA,NA,NA,NA,NA,NA,NA,NA,NA,NA,NA,NA,NA,NA,0.1303,40,20
d4-t2-TZ1-t-4TZ2-i,4,2,1,trial,4TZ2-i,TZ,IB,5401,74.53333333333333,0.8279948157748566,12.566666666666666,1.998429928275321,0,1.7898382953740029,0,0,45,15,0.14978707646732087,0.8067024625069431,0.8441029438992779,0.6001974942911806,14.016666666666667,13.033333333333333,0,9.016666666666667,63.05,0.7004258470653583,2.2643484700291765,50.18333333333333,0.5574893538233661,4.348225937892264,26.533333333333335,TRUE,0.8392254713726066,0.8922291448223331,2.4293692553576323,1.8316468873318361,0.9866666666666668,0.11476144430512546,27.666666666666668,TRUE,0.2110411712754225,26.733333333333334,TRUE,0.07436959548210345,26.533333333333335,TRUE,0.27653907471507544,26.977777777777778,13.616666666666667,10.933333333333334,11.4,3.10835656185504,4.619218925207072,0.1303,40,90.01666666666667
d4-t2-TZ10-b-4TX2-d,4,2,10,baseline,4TX2-d,TX,IA,1200,17.783333333333335,0.8891666666666667,0,1.4408768428233898,211,2.1359195116419696,131,215,223,189.66666666666666,0.9408333333333333,0.9833333333333333,0.9891666666666666,0.971111111111111,0,0,0,0,18.35,0.9175,0.9761712024014783,17.316666666666666,0.8658333333333333,1.4884837642293307,NA,NA,NA,NA,NA,NA,NA,NA,NA,NA,NA,NA,NA,NA,NA,NA,NA,NA,NA,NA,NA,NA,NA,0.1476,4,20
d4-t2-TZ10-t-4TX2-d,4,2,10,trial,4TX2-d,TX,IA,3756,44.21666666666667,0.7063365282215123,8.533333333333333,1.3846123882294394,2,0.28427458879548484,0,0,0,0,0.7326943556975506,0.7752928647497338,0.7414802981895634,0.7498225062122826,8.233333333333333,8.483333333333333,8.55,8.422222222222222,60.55,0.9672523961661342,0.6442104119894492,48.983333333333334,0.7824813631522897,2.5725274648518206,59.05,TRUE,0.7236708893119576,0.8457693791671259,1.6310790359302525,1.0098838946508706,0.9211111111111115,0.2697151484028354,NA,FALSE,0.2037195830561681,NA,FALSE,0.09955406689742755,NA,FALSE,0.09955406689742832,NA,56.75,47.45,40.06666666666667,0.6022824955911149,2.245673856666513,0.1476,4,62.6
d4-t2-TZ2-b-4TZ1-d,4,2,2,baseline,4TZ1-d,TZ,IA,1200,11.933333333333334,0.5966666666666667,0.16666666666666666,0.5801911284946157,12,1.9504598889875442,167,232,158,185.66666666666666,0.635,0.9141666666666667,0.5183333333333333,0.6891666666666667,0,0,0.5166666666666667,0.1722222222222222,18.383333333333333,0.9191666666666667,1.2581995558280081,13.233333333333333,0.6616666666666666,3.9887768019571173,NA,NA,NA,NA,NA,NA,NA,NA,NA,NA,NA,NA,NA,NA,NA,NA,NA,NA,NA,NA,NA,NA,NA,0.228,12,20
d4-t2-TZ2-b-4TX2-i,4,2,2,baseline,4TX2-i,TX,IB,1200,18.05,0.9025,0,2.1810687605316703,214,0.766047006900541,225,1041,566,610.6666666666666,0.9858333333333333,0.9908333333333333,0.9783333333333334,0.985,0,0,0,0,17.333333333333332,0.8666666666666667,1.5361856292196145,15.783333333333333,0.7891666666666667,2.5366018178565306,NA,NA,NA,NA,NA,NA,NA,NA,NA,NA,NA,NA,NA,NA,NA,NA,NA,NA,NA,NA,NA,NA,NA,0.1633,38,20
d4-t2-TZ2-t-4TZ1-d,4,2,2,trial,4TZ1-d,TZ,IA,5401,50.18333333333333,0.5574893538233661,8.516666666666667,0.4812793237877512,0,0.7105816105525677,8,0,0,2.666666666666667,0.6343269764858359,0.8970561007220885,0.5739677837437511,0.7017836203172252,8.35,4.65,8.333333333333334,7.111111111111112,77.11666666666666,0.856693204962044,1.4225661921154995,60.5,0.6720977596741344,3.8724235301142653,20.966666666666665,TRUE,0.7204089173375678,0.879765611889063,0.6029286999375857,0.8204261531284686,0.6500000000000002,0.47723480484390085,9.15,TRUE,0.49535102327795366,10.283333333333333,TRUE,0.28634088290633936,9.55,TRUE,0.5002668920611807,9.66111111111111,20.15,20.15,2.25,0.6610707292664911,0.6610707292664911,0.228,12,90.01666666666667
d4-t2-TZ2-t-4TX2-i,4,2,2,trial,4TX2-i,TX,IB,5400,73,0.8111111111111111,2.316666666666667,1.9790220559918816,0,0.5847627834184508,0,0,0,0,0.9009259259259259,0.9481481481481482,0.9590740740740741,0.9360493827160494,0.16666666666666666,0.5833333333333334,0.9833333333333333,0.5777777777777777,82.33333333333333,0.9148148148148149,1.4905987723833407,75.51666666666667,0.8390740740740741,2.306162758493534,10.266666666666667,TRUE,0.8339378128505405,0.864260817006333,2.0218087718931574,1.3573572753229433,0.8988888888888891,0.30164342017581075,12.583333333333334,TRUE,0.11476144430512639,9.2,TRUE,0.10993756725346525,12.533333333333333,TRUE,0.16758737162718662,11.43888888888889,8.833333333333334,8.833333333333334,4.283333333333333,1.35556403153593,1.3633669947958416,0.1633,38,90
d4-t2-TZ3-b-4TY1-d,4,2,3,baseline,4TY1-d,TY,IA,1200,13.466666666666667,0.6733333333333333,3.1333333333333333,0.8162952684721984,0,1.5808728148167817,15,0,7,7.333333333333333,0.7733333333333333,0.6408333333333334,0.8266666666666667,0.7469444444444444,0,3.2,0,1.0666666666666667,15.933333333333334,0.7966666666666666,1.8354569787393873,14.266666666666667,0.7133333333333334,3.0287690300667136,NA,NA,NA,NA,NA,NA,NA,NA,NA,NA,NA,NA,NA,NA,NA,NA,NA,NA,NA,NA,NA,NA,NA,0.1624,8,20
d4-t2-TZ3-t-4TY1-d,4,2,3,trial,4TY1-d,TY,IA,5401,43.78333333333333,0.48639140899833366,18.25,0.6936720009896586,0,0.19136747462824455,0,0,1,0.33333333333333337,0.6709868542862433,0.1536752453249398,0.7096833919644511,0.511448497191878,6.25,0.7833333333333333,0.85,2.6277777777777778,84.65,0.9403814108498426,0.9104385235249832,79.81666666666666,0.8866876504351046,1.4618008194200451,86.65,TRUE,0.6425597991135379,0.8237948230734062,0.9508020108389498,1.056305957959655,0.8044444444444444,0.3968482928578407,24.9,TRUE,0.3698750653395755,24.716666666666665,TRUE,0.4376542226895492,82.63333333333334,TRUE,0.3060062854637016,44.083333333333336,81.35,76.96666666666667,40.55,0.8465224225403659,1.35769194189743,0.1624,8,90.01666666666667
d4-t2-TZ4-b-4TY3-i,4,2,4,baseline,4TY3-i,TY,IB,1200,18.95,0.9475,0,1.4716136263443258,137,3.6416023846184515,162,114,138,138,0.9691666666666666,0.955,0.9658333333333333,0.9633333333333333,0,0,0,0,10.933333333333334,0.5466666666666666,3.0265501067001144,6.95,0.3475,6.552340207343995,NA,NA,NA,NA,NA,NA,NA,NA,NA,NA,NA,NA,NA,NA,NA,NA,NA,NA,NA,NA,NA,NA,NA,0.1661,30,20
d4-t2-TZ4-t-4TY3-i,4,2,4,trial,4TY3-i,TY,IB,5401,69,0.7665247176448806,12.916666666666666,1.3413452228649085,4,3.0662692386930273,4,4,7,5,0.835030549898167,0.6748750231438623,0.7752268098500278,0.7617107942973523,12.6,13.216666666666667,13.183333333333334,13,59.666666666666664,0.6628402147750416,2.3834564653831816,50.56666666666667,0.5617478244769487,3.8584951770636784,NA,FALSE,NA,NA,1.5936432698858627,1.3596322244566028,0.9855555555555557,0.11938022291003474,18.333333333333332,TRUE,0.15789290460289856,NA,FALSE,0.13620834369034274,82.71666666666667,TRUE,0.04711422651263472,50.525,59.666666666666664,50.56666666666667,69,2.3834564653831816,3.8584951770636784,0.1661,30,90.01666666666667
d4-t2-TZ5-b-4TZ2-d,4,2,5,baseline,4TZ2-d,TZ,IA,1200,19.7,0.985,0,1.7916320426648318,0,0.48814920211698054,399,35,NA,217,0.9958333333333333,0.9333333333333333,1,0.9763888888888889,0,0,0,0,17.366666666666667,0.8683333333333333,1.2986130033254861,13.733333333333333,0.6866666666666666,3.7561255840084344,NA,NA,NA,NA,NA,NA,NA,NA,NA,NA,NA,NA,NA,NA,NA,NA,NA,NA,NA,NA,NA,NA,NA,0.166,6,20
d4-t2-TZ5-b-4TX3-d,4,2,5,baseline,4TX3-d,TX,IA,1200,5.5,0.275,7.816666666666666,0.23647251547297587,0,0.2454852729121187,13,0,0,4.333333333333334,0.405,0.3283333333333333,0.5641666666666667,0.4325,7.383333333333334,10.566666666666666,7.566666666666666,8.505555555555555,20,1,0.677334909484648,20,1,0.677334909484648,NA,NA,NA,NA,NA,NA,NA,NA,NA,NA,NA,NA,NA,NA,NA,NA,NA,NA,NA,NA,NA,NA,NA,0.1363,50,20
d4-t2-TZ5-t-4TZ2-d,4,2,5,trial,4TZ2-d,TZ,IA,5401,62.983333333333334,0.6996852434734309,16.65,1.079917266186056,0,0.3918540785049788,0,0,10,3.333333333333333,0.7804110349935197,0.8498426217367154,0.7991112756896871,0.8097883108066407,7.716666666666667,3.9166666666666665,1.05,4.227777777777778,81.35,0.9037215330494353,1.1321320208604646,71.13333333333334,0.790224032586558,2.333932653276954,87.83333333333333,TRUE,0.6758887832787519,0.8463277757613914,1.842807721843286,1.2245877406292742,0.9866666666666667,0.1147614443051281,NA,FALSE,0.07436959548210288,40.666666666666664,TRUE,0.1706820708194686,88.26666666666667,TRUE,0,64.46666666666667,78.43333333333334,68.4,60.25,1.1350773367584726,2.3736410419418617,0.166,6,90.01666666666667
d4-t2-TZ5-t-4TX3-d,4,2,5,trial,4TX3-d,TX,IA,5400,50.983333333333334,0.5664814814814815,26.95,0.632922401962982,0,0.6549976215034911,0,0,0,0,0.5990740740740741,0.46944444444444444,0.7003703703703704,0.5896296296296296,10.116666666666667,21.616666666666667,13.483333333333333,15.072222222222223,84.76666666666667,0.9418518518518518,0.918930546628401,77.5,0.8611111111111112,1.9308316352372594,27.883333333333333,TRUE,0.7911795949111861,0.9753249612251365,0.27222717968019494,0.4101758330526537,0.36666666666666703,0.48216235224931003,20.916666666666668,TRUE,0.4996241326082642,22.35,TRUE,0.49638913692430664,20.666666666666668,TRUE,0.43196212132007733,21.311111111111114,27.033333333333335,27.033333333333335,0.31666666666666665,0.4595289007145715,0.4595289007145715,0.1363,50,90
d4-t2-TZ6-b-4TZ1-i,4,2,6,baseline,4TZ1-i,TZ,IB,1200,14.7,0.735,0,1.4538893722861024,51,0.25256892121383884,17,0,171,62.66666666666667,0.8566666666666667,0.8533333333333334,0.8558333333333333,0.8552777777777778,0,0.13333333333333333,0,0.044444444444444446,20,1,0.36481130265357486,19.516666666666666,0.9758333333333333,0.4785084617855835,NA,NA,NA,NA,NA,NA,NA,NA,NA,NA,NA,NA,NA,NA,NA,NA,NA,NA,NA,NA,NA,NA,NA,0.2174,28,20
d4-t2-TZ6-b-4TX3-i,4,2,6,baseline,4TX3-i,TX,IB,1200,17.866666666666667,0.8933333333333333,0,1.279231923580485,31,0.9843248224103341,0,0,227,75.66666666666666,0.6641666666666667,0.84,0.9658333333333333,0.8233333333333334,0,0,0,0,19.766666666666666,0.9883333333333333,0.6047772854987812,18.766666666666666,0.9383333333333334,1.2468690868102532,NA,NA,NA,NA,NA,NA,NA,NA,NA,NA,NA,NA,NA,NA,NA,NA,NA,NA,NA,NA,NA,NA,NA,0.1667,32,20
d4-t2-TZ6-t-4TZ1-i,4,2,6,trial,4TZ1-i,TZ,IB,5401,66.03333333333333,0.7335678578041104,7.2,1.744727967958182,0,4.110318206416829,0,5,4,3,0.7817070912793928,0.8218848361414552,0.8735419366783929,0.8257112880330802,4.55,5.466666666666667,0.65,3.555555555555556,83.48333333333333,0.9274208479911128,0.8729877683535964,68.11666666666666,0.7567117200518423,1.9324931975078206,12.383333333333333,TRUE,0.8377979769954115,0.844074319737614,1.658655593817369,1.6045951012516886,0.8188888888888883,0.385324342077171,NA,FALSE,0.32383768179107975,11.216666666666667,TRUE,0.3074387758800104,12.233333333333333,TRUE,0.30600628546370173,11.725,9.4,2.7666666666666666,4.183333333333334,2.0395964427449327,3.84494391583009,0.2174,28,90.01666666666667
d4-t2-TZ6-t-4TX3-i,4,2,6,trial,4TX3-i,TX,IB,5401,69.43333333333334,0.7713386409924088,10.666666666666666,1.0485076935687354,0,0.4702886860045148,0,6,0,2,0.7472690242547676,0.7080170338826143,0.8185521199777819,0.7579460593717212,10.8,10.7,10.533333333333333,10.677777777777777,79.95,0.8881688576189595,1.313120926485422,68,0.7554156637659692,2.8978539318898604,14.116666666666667,TRUE,0.8142646117903266,0.8286350937034909,1.408114685555277,1.1345872001959454,0.9288888888888892,0.25715325453296073,12.916666666666666,TRUE,0.447042216457257,NA,FALSE,0.2782077996390499,13.116666666666667,TRUE,0.14383469411530908,13.016666666666667,13.633333333333333,13.633333333333333,2.9166666666666665,0.6309777130959636,0.6456889891467072,0.1667,32,90.01666666666667
d4-t2-TZ7-b-4TY3-d,4,2,7,baseline,4TY3-d,TY,IA,1200,2.5833333333333335,0.12916666666666668,15.916666666666666,0.17108225819388007,0,0.5637655360996238,0,0,0,0,0.1,0.014166666666666666,0.021666666666666667,0.04527777777777778,16.45,NA,NA,16.45,20,1,0.5472901408010593,20,1,0.5472901408010593,NA,NA,NA,NA,NA,NA,NA,NA,NA,NA,NA,NA,NA,NA,NA,NA,NA,NA,NA,NA,NA,NA,NA,0.2022,14,20
d4-t2-TZ7-t-4TY3-d,4,2,7,trial,4TY3-d,TY,IA,5401,25.966666666666665,0.2884650990557304,34.2,0.33772286628173076,0,6.900860410204102,47,0,0,15.666666666666668,0.3010553601184966,0.27624513978892795,0.16422884650990557,0.24717644880577672,35.06666666666667,30.433333333333334,36.53333333333333,34.01111111111111,79.6,0.8842806887613405,1.2905252433574148,35.333333333333336,0.39251990372153306,5.125599185810148,35.666666666666664,TRUE,0.824883469979562,0.9141013133843989,0.18544277654011743,0.1468936457464135,0.1677777777777792,0.3738765976835006,35.81666666666667,TRUE,0.3364904254976857,21.1,TRUE,0.13620834369034224,28.716666666666665,TRUE,0.16758737162718457,28.544444444444444,28.75,0,0.5166666666666667,1.4004594154656453,6.837874446122937,0.2022,14,90.01666666666667
d4-t2-TZ8-b-4TX1-d,4,2,8,baseline,4TX1-d,TX,IA,1200,19.033333333333335,0.9516666666666667,0,1.3382167113226175,87,0.9525337825013217,502,217,NA,359.5,0.9966666666666667,0.9475,1,0.9813888888888889,0,0,0,0,19.966666666666665,0.9983333333333333,0.7792992533036645,19.966666666666665,0.9983333333333333,0.7792992533036645,NA,NA,NA,NA,NA,NA,NA,NA,NA,NA,NA,NA,NA,NA,NA,NA,NA,NA,NA,NA,NA,NA,NA,0.163,10,20
d4-t2-TZ8-b-4TX3-i,4,2,8,baseline,4TX3-i,TX,IB,1200,18.816666666666666,0.9408333333333333,0,1.1526416656042469,217,8.916665464270135,185,160,77,140.66666666666666,0.91,0.8466666666666667,0.8908333333333334,0.8825000000000001,0,0,0,0,18.166666666666668,0.9083333333333333,1.3325597877271842,10.25,0.5125,6.053171524627353,NA,NA,NA,NA,NA,NA,NA,NA,NA,NA,NA,NA,NA,NA,NA,NA,NA,NA,NA,NA,NA,NA,NA,0.1878,16,20
d4-t2-TZ8-t-4TX1-d,4,2,8,trial,4TX1-d,TX,IA,5401,41.5,0.4610257359748195,23.366666666666667,0.827557387737246,3,3.346365235284272,0,0,6,2,0.6365487872616182,0.47157933715978523,0.7609701907054249,0.6230327717089428,7,1.7833333333333334,7.066666666666666,5.283333333333333,78.7,0.8742825402703203,1.26639374444223,75.86666666666666,0.8428068876134049,1.633105854163762,NA,FALSE,NA,NA,1.2674643196137447,0.9889626783894684,0.9511111111111115,0.21575562147198446,NA,FALSE,0.0665553390075818,NA,FALSE,0.188046570806254,NA,FALSE,0,NA,78.7,75.86666666666666,41.5,1.26639374444223,1.633105854163762,0.163,10,90.01666666666667
d4-t2-TZ8-t-4TX3-i,4,2,8,trial,4TX3-i,TX,IB,5400,68.55,0.7616666666666667,13.683333333333334,1.0154454288190806,0,0.9363684470786936,0,0,3,1,0.7027777777777777,0.665,0.7696296296296297,0.7124691358024692,8.566666666666666,14.733333333333333,7.8,10.366666666666667,75.38333333333334,0.8375925925925926,1.6949892027510687,62.15,0.6905555555555556,3.6408168120404323,23.583333333333332,TRUE,0.6725177320187835,0.8619248468921868,1.2288288431333156,0.7862569533789752,0.9722222222222224,0.16442692320984895,24.1,TRUE,0.20120757674185005,23.916666666666668,TRUE,0.29106073507374486,23.966666666666665,TRUE,0.17068207081946973,23.994444444444447,22.816666666666666,22.816666666666666,5.783333333333333,1.0416087135788132,1.1030282993933203,0.1878,16,90
d4-t2-TZ9-b-4TY2-i,4,2,9,baseline,4TY2-i,TY,IB,1200,19.05,0.9525,0,0.8559958083247956,212,7.992390685482855,46,214,39,99.66666666666667,0.7233333333333334,0.9316666666666666,0.9441666666666667,0.8663888888888889,0,0,0,0,11.016666666666667,0.5508333333333333,3.0705965417433987,7.383333333333334,0.36916666666666664,5.59799683497169,NA,NA,NA,NA,NA,NA,NA,NA,NA,NA,NA,NA,NA,NA,NA,NA,NA,NA,NA,NA,NA,NA,NA,0.1474,36,20
d4-t2-TZ9-t-4TY2-i,4,2,9,trial,4TY2-i,TY,IB,5401,70.45,0.782632845769302,10.4,0.8171574831611709,0,0.22107256014702895,0,0,0,0,0.8322532864284392,0.7415293464173301,0.8465099055730421,0.8067641794729371,9.383333333333333,11.8,9.983333333333333,10.38888888888889,55.9,0.6209961118311423,2.4426817849063083,37.666666666666664,0.4184410294389928,5.385813502565834,16.433333333333334,TRUE,0.5181870251739631,0.8490902859799244,0.8934645652861548,0.6993644291637593,0.9588888888888889,0.19865758851283755,16.3,TRUE,0.4475989584284217,NA,FALSE,0.19606813643937013,16.283333333333335,TRUE,0.18528222234124023,16.291666666666668,13.933333333333334,13.933333333333334,3.216666666666667,0.8235073371330618,0.8235073371330618,0.1474,36,90.01666666666667
d5-t1-TZ1-b-5TX2-i,5,1,1,baseline,5TX2-i,TX,IB,1200,17.983333333333334,0.8991666666666667,0,0.8129609206134886,180,0.4544585820061523,169,20,441,210,0.8383333333333334,0.7941666666666667,0.825,0.8191666666666667,0,0,0.2,0.06666666666666667,12.516666666666667,0.6258333333333334,2.576287378651014,6.5,0.325,6.073549181453892,NA,NA,NA,NA,NA,NA,NA,NA,NA,NA,NA,NA,NA,NA,NA,NA,NA,NA,NA,NA,NA,NA,NA,0.1189,45,20
d5-t1-TZ1-t-5TX2-i,5,1,1,trial,5TX2-i,TX,IB,5401,52.916666666666664,0.5878541010923903,23.516666666666666,0.6518927518648923,0,7.278272583994769,361,0,0,120.33333333333334,0.5526754304758378,0.39400111090538786,0.523051286798741,0.4899092760599889,22.85,23.783333333333335,22.85,23.16111111111111,59.36666666666667,0.6595074986113683,2.185307643704924,40.916666666666664,0.45454545454545453,5.09002784160232,31.916666666666668,TRUE,0.605367131157923,0.8703837490224389,0.7491989829948574,0.9183132373389657,0.8733333333333323,0.3327841230062338,25.016666666666666,TRUE,0.4083239690798548,43.86666666666667,TRUE,0.43196212132008155,24.216666666666665,TRUE,0.40753470818566323,31.033333333333335,21.9,16.45,4.266666666666667,1.660421421600787,4.568930554640332,0.1189,45,90.01666666666667
d5-t1-TZ10-b-5TZ1-i,5,1,10,baseline,5TZ1-i,TZ,IB,1200,12.85,0.6425,1.7,0.5391862056888598,0,0.46186922801574276,0,0,41,13.666666666666668,0.28833333333333333,0.6883333333333334,0.8883333333333333,0.6216666666666667,2.35,0.23333333333333334,0,0.8611111111111112,17.633333333333333,0.8816666666666667,1.1846926731799121,15.916666666666666,0.7958333333333333,2.2002257948203305,NA,NA,NA,NA,NA,NA,NA,NA,NA,NA,NA,NA,NA,NA,NA,NA,NA,NA,NA,NA,NA,NA,NA,0.1808,3,20
d5-t1-TZ10-t-5TZ1-i,5,1,10,trial,5TZ1-i,TZ,IB,5401,37.916666666666664,0.4212182929087206,27.833333333333332,0.3968534350182179,0,0.780718969888006,1,0,2,1,0.7857804110349935,0.2958711349750046,0.5911868172560637,0.557612787755354,2.5833333333333335,26.383333333333333,8.433333333333334,12.466666666666667,82.81666666666666,0.9200148120718386,1.4418795155180373,78.83333333333333,0.8757637474541752,1.8621984492682804,34.4,TRUE,0.6838491620636923,0.8064768857753791,0.6318328702855254,0.9323273732661977,0.7022222222222221,0.45753554121453405,21.25,TRUE,0.45349819244946693,80.13333333333334,TRUE,0.4674925046080596,87.8,TRUE,0.2956676425290936,63.06111111111111,33.86666666666667,33.86666666666667,3.2666666666666666,1.5454005328151987,1.545805242738058,0.1808,3,90.01666666666667
d5-t1-TZ2-b-5TZ3-d,5,1,2,baseline,5TZ3-d,TZ,IA,1200,19.166666666666668,0.9583333333333334,0,0.8540702898442444,0,1.0959910041642278,5,0,28,11,0.84,0.77,0.7316666666666667,0.7805555555555556,0,0.6333333333333333,0,0.21111111111111114,20,1,1.0796504693304454,20,1,1.0799018870005166,NA,NA,NA,NA,NA,NA,NA,NA,NA,NA,NA,NA,NA,NA,NA,NA,NA,NA,NA,NA,NA,NA,NA,0.1441,53,20
d5-t1-TZ2-b-5TX1-d,5,1,2,baseline,5TX1-d,TX,IA,1200,18.8,0.94,0,0.7775674308422564,1003,7.210784854281706,25,0,0,8.333333333333332,0.795,0.6008333333333333,0.6725,0.6894444444444444,0,0.3,2.183333333333333,0.8277777777777778,10.133333333333333,0.5066666666666667,3.403566358538569,3.216666666666667,0.16083333333333333,8.006448245080197,NA,NA,NA,NA,NA,NA,NA,NA,NA,NA,NA,NA,NA,NA,NA,NA,NA,NA,NA,NA,NA,NA,NA,0.1338,17,20
d5-t1-TZ2-t-5TZ3-d,5,1,2,trial,5TZ3-d,TZ,IA,5401,14.533333333333333,0.16145158304017773,54.8,0.3376978139289574,2,0.5398798646474933,0,0,0,0,0.32956859840770225,0.23014256619144602,0.39400111090538786,0.31790409183484536,30.25,18.216666666666665,30.066666666666666,26.17777777777778,89.96666666666667,0.9994445473060545,0.6518012434404582,89.81666666666666,0.9977781892242177,0.6574904625766396,NA,FALSE,NA,NA,0.8010166056041316,0.4807679786881948,0.9588888888888885,0.19865758851283843,81.58333333333333,TRUE,0.4083239690798561,81.53333333333333,TRUE,0.43452959434301724,79.15,TRUE,0.4519297668349865,80.75555555555555,89.96666666666667,89.81666666666666,14.533333333333333,0.6518012434404582,0.6574904625766396,0.1441,53,90.01666666666667
d5-t1-TZ2-t-5TX1-d,5,1,2,trial,5TX1-d,TX,IA,5401,8.433333333333334,0.09368635437881874,0,0.22947626728582413,0,5.996539558605557,0,2,2,1.3333333333333333,0.29920385113867803,0.14330679503795593,0.2529161266432142,0.23180892427328273,24.833333333333332,26.133333333333333,25.183333333333334,25.383333333333333,88.18333333333334,0.9796334012219959,0.9001298219101528,58.2,0.6465469357526384,4.7460608416779655,NA,FALSE,NA,NA,0.8036848671699877,0.5839136927832974,0.919999999999999,0.2714440434841915,NA,FALSE,0.4051393970406753,NA,FALSE,0.46842721037014295,NA,FALSE,0.2702898367958055,NA,88.18333333333334,58.2,8.433333333333334,0.9001298219101528,4.7460608416779655,0.1338,17,90.01666666666667
d5-t1-TZ3-b-5TZ2-d,5,1,3,baseline,5TZ2-d,TZ,IA,1200,18.4,0.92,0,0.8207001954419797,456,6.315625534952497,0,55,0,18.333333333333336,0.8466666666666667,0.8375,0.6708333333333333,0.785,0,0,0,0,15.116666666666667,0.7558333333333334,2.184096673817957,11.783333333333333,0.5891666666666666,4.057875559991534,NA,NA,NA,NA,NA,NA,NA,NA,NA,NA,NA,NA,NA,NA,NA,NA,NA,NA,NA,NA,NA,NA,NA,0.1321,31,20
d5-t1-TZ3-t-5TZ2-d,5,1,3,trial,5TZ2-d,TZ,IA,5401,44.6,0.49546380299944454,4.766666666666667,0.3481147473790975,5,0.6880896971297386,0,0,0,0,0.5952601370116645,0.7406035919274209,0.4212182929087206,0.585694007282602,5.483333333333333,0.16666666666666666,10.583333333333334,5.411111111111111,79.31666666666666,0.881133123495649,1.5223046983583353,62.083333333333336,0.6896870949824107,3.8403320576298743,67.41666666666667,TRUE,0.7028007909242433,0.8083857022928479,0.7490869315385998,0.6483753970967039,0.8933333333333334,0.3088606209984713,75.36666666666666,TRUE,0.3758416583736769,51.96666666666667,TRUE,0.37387659768350134,75.16666666666667,TRUE,0.4688425885981938,67.5,60.416666666666664,52.733333333333334,25.133333333333333,1.3794571679992849,2.6656219896422866,0.1321,31,90.01666666666667
d5-t1-TZ4-b-5TY2-d,5,1,4,baseline,5TY2-d,TY,IA,1200,19.616666666666667,0.9808333333333333,0,0.7634097159819403,601,4.482966254902639,0,0,30,10,0.5308333333333334,0.9625,0.9833333333333333,0.8255555555555556,0.75,0,0,0.25,10.366666666666667,0.5183333333333333,2.9572655384411823,4.466666666666667,0.22333333333333333,7.162328460918037,NA,NA,NA,NA,NA,NA,NA,NA,NA,NA,NA,NA,NA,NA,NA,NA,NA,NA,NA,NA,NA,NA,NA,0.1347,27,20
d5-t1-TZ4-b-5TX1-i,5,1,4,baseline,5TX1-i,TX,IB,1200,17.55,0.8775,0,0.7520194708564307,8,1.652502224868706,32,168,211,137,0.825,0.9175,0.9308333333333333,0.8911111111111111,0,0,0,0,15.7,0.785,1.6842194747433985,10.483333333333333,0.5241666666666667,4.609789539283518,NA,NA,NA,NA,NA,NA,NA,NA,NA,NA,NA,NA,NA,NA,NA,NA,NA,NA,NA,NA,NA,NA,NA,0.1525,1,20
d5-t1-TZ4-t-5TY2-d,5,1,4,trial,5TY2-d,TY,IA,5401,62.63333333333333,0.6957970746158119,2.316666666666667,0.6716370477298473,0,0.9917214002736512,4,195,0,66.33333333333334,0.5898907609701907,0.8279948157748566,0.8526198852064433,0.7568351539838302,2.2666666666666666,3.95,2.6,2.938888888888889,57.3,0.6365487872616182,2.4767093064834027,42.9,0.47657841140529533,4.776286158473604,84.68333333333334,TRUE,0.6695577060172819,0.8849122561275534,0.733591706701104,0.48062801620414536,0.9744444444444447,0.1578929046028987,22.683333333333334,TRUE,0.49950537888227314,19.216666666666665,TRUE,0.1706820708194667,23.033333333333335,TRUE,0.13620834369034174,21.644444444444446,55.05,42.3,57.05,2.3711411821690254,4.543877088655924,0.1347,27,90.01666666666667
d5-t1-TZ4-t-5TX1-i,5,1,4,trial,5TX1-i,TX,IB,5054,67.38333333333334,0.7999604273842501,6.633333333333334,0.5778623237427429,0,0.18870798945667827,0,0,0,0,0.8975069252077562,0.8741590819153146,0.8672338741590819,0.8796332937607175,1.45,0.1,1.1833333333333333,0.9111111111111111,65.81666666666666,0.7813612979817965,1.6009700580994481,56.583333333333336,0.6717451523545707,2.999033179599259,22.85,TRUE,0.783401117946323,0.8553002809454033,0.7141359790003584,0.7505071228479004,0.8444444444444441,0.36263499610892197,12.25,TRUE,0.3758416583736758,12.383333333333333,TRUE,0.25340591821615444,13.65,TRUE,0.2765390747150754,12.761111111111111,15.516666666666667,14.783333333333333,8.75,0.8435207394822059,1.3036766270903706,0.1525,1,84.23333333333333
d5-t1-TZ5-b-5TY3-i,5,1,5,baseline,5TY3-i,TY,IB,1200,17.85,0.8925,0,0.5617995370005033,77,4.724782066326,424,43,713,393.3333333333333,0.9933333333333333,0.9075,0.9558333333333333,0.9522222222222222,0,0,0,0,8.883333333333333,0.44416666666666665,3.646162585727498,3.7,0.185,7.656722255146494,NA,NA,NA,NA,NA,NA,NA,NA,NA,NA,NA,NA,NA,NA,NA,NA,NA,NA,NA,NA,NA,NA,NA,0.1753,5,20
d5-t1-TZ5-b-5TX2-d,5,1,5,baseline,5TX2-d,TX,IA,1200,16.933333333333334,0.8466666666666667,0.06666666666666667,0.7672239519478272,9,1.0294523538275604,13,0,102,38.333333333333336,0.8675,0.44666666666666666,0.7883333333333333,0.7008333333333333,0,2.1333333333333333,0,0.7111111111111111,17.333333333333332,0.8666666666666667,1.6209649805231887,15.033333333333333,0.7516666666666667,2.9979423964321796,NA,NA,NA,NA,NA,NA,NA,NA,NA,NA,NA,NA,NA,NA,NA,NA,NA,NA,NA,NA,NA,NA,NA,0.1305,29,20
d5-t1-TZ5-t-5TY3-i,5,1,5,trial,5TY3-i,TY,IB,5401,79.03333333333333,0.8779855582299574,0,0.8825747997050218,39,3.522013035652928,83,40,4,42.333333333333336,0.9340862803184595,0.7754119607480097,0.9166820959081652,0.8753934456582114,0,0,0,0,51.61666666666667,0.5734123310498056,2.992920028747943,41.166666666666664,0.4573227180151824,4.731882290845819,17.116666666666667,TRUE,0.6060529879972585,0.8366372390618334,0.6236680138560626,0.4635880632579181,0.9766666666666668,0.15104382821641024,5.233333333333333,TRUE,0.0939131310489292,8.883333333333333,TRUE,0.2815024049709907,17.183333333333334,TRUE,0.2355475218009549,10.433333333333334,11.1,10.783333333333333,15.6,2.393518357140395,2.825129949064647,0.1753,5,90.01666666666667
d5-t1-TZ5-t-5TX2-d,5,1,5,trial,5TX2-d,TX,IA,5401,15.783333333333333,0.1753379003888169,41.15,0.22487501417528818,2,1.1031810242767213,3,0,5,2.6666666666666665,0.49176078503980747,0.35697093130901686,0.5232364376967228,0.4573227180151824,20.583333333333332,17.733333333333334,20.466666666666665,19.594444444444445,84.36666666666666,0.9372338455841511,1.257577648654027,75.66666666666667,0.8405850768376226,1.849199190651617,NA,FALSE,NA,NA,0.8196538232055839,0.9538077410685417,0.8344444444444447,0.3718878606412838,70.16666666666667,TRUE,0.3748620641961553,72.58333333333333,TRUE,0.49973296539997514,70.16666666666667,TRUE,0.4447804933974572,70.97222222222221,84.36666666666666,75.66666666666667,15.783333333333333,1.257577648654027,1.849199190651617,0.1305,29,90.01666666666667
d5-t1-TZ6-b-5TY1-d,5,1,6,baseline,5TY1-d,TY,IA,1200,18.316666666666666,0.9158333333333334,0.6666666666666666,1.6721409913559329,0,1.1326386291562447,0,36,0,12,0.8558333333333333,0.86,0.92,0.8786111111111111,0.2,0,0.23333333333333334,0.14444444444444443,16.866666666666667,0.8433333333333334,1.2373611100614101,16.3,0.815,1.665036919415661,NA,NA,NA,NA,NA,NA,NA,NA,NA,NA,NA,NA,NA,NA,NA,NA,NA,NA,NA,NA,NA,NA,NA,0.1448,11,20
d5-t1-TZ6-t-5TY1-d,5,1,6,trial,5TY1-d,TY,IA,5401,66.1,0.7343084613960378,10.65,0.6505884697248072,2,5.679150861880646,7,0,2,3,0.87724495463803,0.7900388816885762,0.8352157007961488,0.8341665123742517,3.45,5.916666666666667,5.183333333333334,4.85,54.733333333333334,0.6080355489724125,2.481024756280752,30.483333333333334,0.3386409924088132,5.895122715496586,NA,FALSE,NA,NA,2.0924403348268643,1.239347369155198,1,0,NA,FALSE,0.31717608265477765,NA,FALSE,0.31852730890902903,NA,FALSE,0.18804657080625475,NA,54.733333333333334,30.483333333333334,66.1,2.481024756280752,5.895122715496586,0.1448,11,90.01666666666667
d5-t1-TZ7-b-5TZ1-d,5,1,7,baseline,5TZ1-d,TZ,IA,1200,16.983333333333334,0.8491666666666666,0,0.9761303097010022,31,2.564132719577766,10,0,0,3.333333333333333,0.71,0.6991666666666667,0.56,0.6563888888888889,2.1,0,2.1666666666666665,1.422222222222222,19.133333333333333,0.9566666666666667,1.0863005846879672,17.566666666666666,0.8783333333333333,2.135150466689246,NA,NA,NA,NA,NA,NA,NA,NA,NA,NA,NA,NA,NA,NA,NA,NA,NA,NA,NA,NA,NA,NA,NA,0.174,19,20
d5-t1-TZ7-t-5TZ1-d,5,1,7,trial,5TZ1-d,TZ,IA,5401,70.98333333333333,0.7885576745047214,3.283333333333333,0.947618433232002,0,0.5040028612858853,0,0,0,0,0.7461581188668766,0.6448805776708018,0.6285872986483985,0.6732086650620256,1.3833333333333333,16.366666666666667,12.216666666666667,9.988888888888889,83.23333333333333,0.924643584521385,1.1458718282294298,74.3,0.8254027032031105,2.2236844581442994,18.366666666666667,TRUE,0.9016390026532907,0.9041903915741979,1.0526069142742112,0.9045841314782473,0.8677777777777779,0.3389205457394291,18.366666666666667,TRUE,0.42664181193828155,21.65,TRUE,0.45086741266610736,18.366666666666667,TRUE,0.49039595916140316,19.461111111111112,15.366666666666667,14.733333333333333,6.066666666666666,1.1630361786793209,1.7639513893573637,0.174,19,90.01666666666667
d5-t1-TZ8-b-5TY1-d,5,1,8,baseline,5TY1-d,TY,IA,1200,0.7666666666666667,0.03833333333333333,NA,0.1432759716527742,0,0.928502951281839,0,0,0,0,0.07583333333333334,0.31833333333333336,0.3433333333333333,0.24583333333333335,10.033333333333333,0,1.5333333333333334,3.855555555555555,20,1,0.73335173464298,20,1,0.7337207797093968,NA,NA,NA,NA,NA,NA,NA,NA,NA,NA,NA,NA,NA,NA,NA,NA,NA,NA,NA,NA,NA,NA,NA,0.1882,15,20
d5-t1-TZ8-b-5TX3-i,5,1,8,baseline,5TX3-i,TX,IB,1200,19.533333333333335,0.9766666666666667,0,1.1075227637847889,286,0.7378111330434831,339,337,412,362.6666666666667,0.915,0.9066666666666666,0.9808333333333333,0.9341666666666667,0,0,0,0,14.55,0.7275,2.1421663701326037,12.216666666666667,0.6108333333333333,3.664973612251993,NA,NA,NA,NA,NA,NA,NA,NA,NA,NA,NA,NA,NA,NA,NA,NA,NA,NA,NA,NA,NA,NA,NA,0.1179,7,20
d5-t1-TZ8-t-5TY1-d,5,1,8,trial,5TY1-d,TY,IA,5401,21.616666666666667,0.2401407146824662,45.35,0.39799018570952993,0,0.6820477367967007,0,1,19,6.666666666666666,0.42325495278652103,0.17885576745047213,0.4865765598963155,0.36289576004443624,22.533333333333335,35.45,0,19.32777777777778,88.7,0.9853730790594334,0.9424444850203063,83.36666666666666,0.9261247917052398,1.4025212491387664,7.116666666666666,TRUE,0.8282803209465487,0.9151674076287992,0.14233463651724487,0.10009389896161555,0.039999999999999966,0.19606813643937168,21.516666666666666,TRUE,0.2608278085585697,30.566666666666666,TRUE,0.4594763614791602,6.316666666666666,TRUE,0.46925496531140665,19.466666666666665,6.766666666666667,6.766666666666667,0,0.6662695168859047,0.6662695168859047,0.1882,15,90.01666666666667
d5-t1-TZ8-t-5TX3-i,5,1,8,trial,5TX3-i,TX,IB,5401,85.08333333333333,0.9451953341973709,2.0833333333333335,1.1466918978855862,0,1.799957731162239,0,0,0,0,0.8139233475282355,0.6876504351046102,0.8348453990001852,0.7788063938776769,0.9166666666666666,1.4333333333333333,0.9833333333333333,1.1111111111111112,71.3,0.7920755415663766,1.8936434256990877,61.05,0.6782077393075356,3.212387374926326,8.183333333333334,TRUE,0.7938743318409616,0.9033085634440231,1.0173598944496196,0.7339394130077069,0.9733333333333333,0.16119685834801029,10.8,TRUE,0.3171760826547804,9.2,TRUE,0.3302714396204229,8.816666666666666,TRUE,0.15789290460289862,9.605555555555556,6.05,5.516666666666667,5.616666666666666,2.5843837931018636,3.398871845335789,0.1179,7,90.01666666666667
d5-t1-TZ9-b-5TZ3-i,5,1,9,baseline,5TZ3-i,TZ,IB,1200,15.983333333333333,0.7991666666666667,0.85,0.861605511915109,0,0.6797811127500726,0,0,0,0,0.8008333333333333,0.8258333333333333,0.7683333333333333,0.7983333333333333,4.316666666666666,1.4,4.583333333333333,3.433333333333333,18.933333333333334,0.9466666666666667,0.7866006963426053,16.9,0.845,1.809253879195846,NA,NA,NA,NA,NA,NA,NA,NA,NA,NA,NA,NA,NA,NA,NA,NA,NA,NA,NA,NA,NA,NA,NA,0.1769,41,20
d5-t1-TZ9-t-5TZ3-i,5,1,9,trial,5TZ3-i,TZ,IB,5401,52.96666666666667,0.5884095537863359,7.066666666666666,0.5651137303004885,0,0.27585493780615367,0,0,0,0,0.6348824291797815,0.71357156082207,0.5602666172930939,0.6362402024316485,12.066666666666666,5.516666666666667,20.3,12.627777777777776,83.05,0.9226069246435845,0.9407016258911128,66.45,0.7381966302536568,3.035007508700044,52.86666666666667,TRUE,0.7988904512898174,0.8131437355709529,1.0510236822706922,1.0603335098962057,0.8955555555555554,0.30600628546370423,NA,FALSE,0.05767076977393465,77.55,TRUE,0.05767076977393476,77.63333333333334,TRUE,0.21104117127542205,77.59166666666667,48.9,46,22.366666666666667,0.7441326023518609,1.4525948282439374,0.1769,41,90.01666666666667
d5-t2-TZ1-b-5TY3-i,5,2,1,baseline,5TY3-i,TY,IB,1200,7.2,0.36,1.2166666666666666,0.5460411184794355,0,8.131376080031211,12,6,11,9.666666666666666,0.6275,0.4725,0.655,0.585,1.3,0.8333333333333334,0,0.711111111111111,19.65,0.9825,1.493114608064854,10.45,0.5225,5.0950059756577355,NA,NA,NA,NA,NA,NA,NA,NA,NA,NA,NA,NA,NA,NA,NA,NA,NA,NA,NA,NA,NA,NA,NA,0.1252,33,20
d5-t2-TZ1-t-5TY3-i,5,2,1,trial,5TY3-i,TY,IB,5401,13.766666666666667,0.1529346417330124,22.833333333333332,0.3624198747382674,0,0.4358177165954004,0,0,0,0,0.42880947972597666,0.27883725236067397,0.31531197926309945,0.3409862371165834,10.816666666666666,20.816666666666666,20.85,17.494444444444447,88.5,0.9831512682836512,1.1165087658067057,62.28333333333333,0.691908905758193,2.9530213985768836,NA,FALSE,NA,NA,0.4664440512457683,1.2881959169699535,0.29000000000000037,0.45401435248025723,21.35,TRUE,0.49270540964115034,82.96666666666667,TRUE,0.4908393301818816,83.01666666666667,TRUE,0.49550694133247325,62.44444444444444,88.5,62.28333333333333,13.766666666666667,1.1165087658067057,2.9530213985768836,0.1252,33,90.01666666666667
d5-t2-TZ10-b-5TX3-i,5,2,10,baseline,5TX3-i,TX,IB,1200,16.366666666666667,0.8183333333333334,0,0.7865009596916701,169,1.0502547602801882,38,14,0,17.333333333333332,0.6175,0.7025,0.5058333333333334,0.6086111111111111,0,0,0.75,0.25,11.616666666666667,0.5808333333333333,3.1866487289385566,9.333333333333334,0.4666666666666667,5.06646253282397,NA,NA,NA,NA,NA,NA,NA,NA,NA,NA,NA,NA,NA,NA,NA,NA,NA,NA,NA,NA,NA,NA,NA,0.1788,35,20
d5-t2-TZ10-t-5TX3-i,5,2,10,trial,5TX3-i,TX,IB,5401,57.233333333333334,0.6358081836696908,11.25,0.9056716650845902,0,5.41688898835156,0,0,2,0.6666666666666667,0.6798740973893723,0.6058137381966302,0.7137567117200518,0.6664815157686848,9.666666666666666,9.583333333333334,9.45,9.566666666666666,55.71666666666667,0.618959451953342,2.552982071826282,45.983333333333334,0.5108313275319385,3.713394426252605,12.45,TRUE,0.7233147837622784,0.8314688643383816,0.787878901085014,0.9317311263764975,0.7788888888888892,0.41522591099578515,12.433333333333334,TRUE,0.49610521129078894,12.383333333333333,TRUE,0.47652985946144855,12.433333333333334,TRUE,0.4985840784686481,12.416666666666666,0.1,0.1,0.9166666666666666,4.751754648656394,4.75775592260168,0.1788,35,90.01666666666667
d5-t2-TZ2-b-5TY2-i,5,2,2,baseline,5TY2-i,TY,IB,1200,17.833333333333332,0.8916666666666667,0,3.9112951108684753,15,0.6279538149012461,235,1,127,121,0.935,0.8841666666666667,0.9466666666666667,0.9219444444444445,0,0,0,0,20,1,0.619394870768003,19.983333333333334,0.9991666666666666,0.62175980958122945,NA,NA,NA,NA,NA,NA,NA,NA,NA,NA,NA,NA,NA,NA,NA,NA,NA,NA,NA,NA,NA,NA,NA,0.1499,39,20
d5-t2-TZ2-b-5TX3-d,5,2,2,baseline,5TX3-d,TX,IA,1200,9.966666666666667,0.49833333333333335,1.4333333333333333,0.32460055904446655,0,2.841547201047897,0,31,6,12.333333333333332,0.5433333333333333,0.6833333333333333,0.6908333333333333,0.6391666666666667,0,0,0,0,11.5,0.575,2.654451807781594,10.85,0.5425,3.063504908033675,NA,NA,NA,NA,NA,NA,NA,NA,NA,NA,NA,NA,NA,NA,NA,NA,NA,NA,NA,NA,NA,NA,NA,0.1719,25,20
d5-t2-TZ2-t-5TY2-i,5,2,2,trial,5TY2-i,TY,IB,5401,68.71666666666667,0.763377152379189,8.25,2.7946016798395648,0,12.816928720992083,0,1,0,0.33333333333333337,0.88224402888354,0.878541010923903,0.7904091834845399,0.850398074430661,7.25,4.3,4.55,5.366666666666666,87.18333333333334,0.9685243473430846,0.8657078504974773,78.88333333333334,0.8763192001481207,1.8576119534121072,85.95,TRUE,0.8909800505791937,0.9375363403438141,4.566882419531859,2.4839805439526894,0.9211111111111119,0.269715148402836,85.95,TRUE,0.27315747166386617,85.95,TRUE,0.3225240340882814,85.35,TRUE,0.243696961657806,85.75,82.45,74.15,64.26666666666667,0.8788759972019037,1.925827894713966,0.1499,39,90.01666666666667
d5-t2-TZ2-t-5TX3-d,5,2,2,trial,5TX3-d,TX,IA,5401,28.55,0.31716348824291796,38.8,0.7329516872890163,0,1.0351581655569007,0,0,0,0,0.5326791334937975,0.667468987224588,0.6089613034623218,0.6030364747269025,19.816666666666666,0.75,15.683333333333334,12.083333333333334,84.93333333333334,0.9435289761155342,0.9981162804361693,82.28333333333333,0.9140899833364192,1.5344745205669368,39.43333333333333,TRUE,0.7204816213568754,0.8368896208631801,0.3726161962774958,0.5178721066034918,0.608888888888888,0.4882705272429128,20.8,TRUE,0.49809425467536245,13.766666666666667,TRUE,0.4594763614791598,27.466666666666665,TRUE,0.4475989584284203,20.67777777777778,38.61666666666667,38.61666666666667,1.0333333333333334,0.8273774562292435,0.8273774562292435,0.1719,25,90.01666666666667
d5-t2-TZ3-b-5TX1-d,5,2,3,baseline,5TX1-d,TX,IA,1200,2.1666666666666665,0.10833333333333334,17.066666666666666,0.1963032754459682,0,2.406366066774881,0,0,0,0,0.021666666666666667,0.09583333333333334,0.0675,0.06166666666666667,NA,17.816666666666666,NA,17.816666666666666,20,1,2.0381433380881986,19.05,0.9525,2.465979119098841,NA,NA,NA,NA,NA,NA,NA,NA,NA,NA,NA,NA,NA,NA,NA,NA,NA,NA,NA,NA,NA,NA,NA,0.1342,13,20
d5-t2-TZ3-t-5TX1-d,5,2,3,trial,5TX1-d,TX,IA,5401,26.533333333333335,0.2947602295871135,42.61666666666667,0.38310507051541043,0,0.25839344012884796,0,0,0,0,0.03665987780040733,0.1747824476948713,0.1281244214034438,0.11318891563290748,51.85,16.416666666666668,34.28333333333333,34.18333333333333,89.41666666666667,0.9933345676726532,0.7464922106279329,73.26666666666667,0.8139233475282355,2.608137011091902,20.9,TRUE,0.7998175143963369,0.916746184982649,0.21127878465432365,0.6568275360245958,0.14444444444444346,0.35173528545904365,5.55,TRUE,0.16758737162718618,5.55,TRUE,0.28792705650091677,5.55,TRUE,0.26443261445721455,5.55,19.833333333333332,19.833333333333332,0,0.3394282177785631,0.3394282177785631,0.1342,13,90.01666666666667
d5-t2-TZ4-b-5TZ2-d,5,2,4,baseline,5TZ2-d,TZ,IA,1200,9.116666666666667,0.4558333333333333,3.316666666666667,0.6110523761421323,0,1.194159761591381,0,0,0,0,0.7975,0.7658333333333334,0.8575,0.8069444444444445,1.95,0.2,0.85,1,17.2,0.86,1.7001962026646165,15.533333333333333,0.7766666666666666,2.4676011020139508,NA,NA,NA,NA,NA,NA,NA,NA,NA,NA,NA,NA,NA,NA,NA,NA,NA,NA,NA,NA,NA,NA,NA,0.1626,9,20
d5-t2-TZ4-b-5TY2-i,5,2,4,baseline,5TY2-i,TY,IB,1200,20,1,0,2.7857156415842175,NA,NA,209,NA,358,283.5,0.8941666666666667,1,0.9891666666666666,0.9611111111111111,0,0,0,0,19.75,0.9875,0.7625236032915088,18.266666666666666,0.9133333333333333,1.2438495981421593,NA,NA,NA,NA,NA,NA,NA,NA,NA,NA,NA,NA,NA,NA,NA,NA,NA,NA,NA,NA,NA,NA,NA,0.1449,43,20
d5-t2-TZ4-t-5TZ2-d,5,2,4,trial,5TZ2-d,TZ,IA,5401,23.6,0.262173671542307,34.9,0.39708228613921276,0,2.566963340990866,0,1,0,0.33333333333333337,0.7235697093130902,0.7578226254397333,0.7770783188298463,0.7528235511942233,0.95,1.7666666666666666,2.316666666666667,1.6777777777777778,41.05,0.4560266617293094,3.031080200297274,32.61666666666667,0.36234030735049066,4.119436241347801,NA,FALSE,NA,NA,0.7189457321053278,1.0983442021214498,0.5555555555555547,0.4971802830363097,NA,FALSE,0.33153202578055374,14.4,TRUE,0.3968482928578412,31.383333333333333,TRUE,0.3198689634070222,22.891666666666666,41.05,32.61666666666667,23.6,3.031080200297274,4.119436241347801,0.1626,9,90.01666666666667
d5-t2-TZ4-t-5TY2-i,5,2,4,trial,5TY2-i,TY,IB,5401,73.55,0.8170709127939271,14.366666666666667,1.4581520594949793,0,3.3717028785851477,0,0,0,0,0.7717089427883725,0.8459544528790964,0.8167006109979633,0.8114546688884774,9.116666666666667,9.383333333333333,13.65,10.716666666666667,55.71666666666667,0.618959451953342,2.3213246620417007,42.45,0.47157933715978523,3.9599852133136806,87.61666666666666,TRUE,0.7927558457622605,0.9329312320616951,2.8102268465464477,1.6441634327624473,1,0,NA,FALSE,0.346022832723916,NA,FALSE,0,NA,FALSE,0.11938022291003499,NA,53.983333333333334,41.45,70.8,2.2974687332319217,3.9124981899321933,0.1449,43,90.01666666666667
d5-t2-TZ5-b-5TZ2-i,5,2,5,baseline,5TZ2-i,TZ,IB,1200,6.65,0.3325,2.55,0.446220294310872,0,2.710363785543981,56,0,0,18.666666666666664,0.855,0.8858333333333334,0.9033333333333333,0.8813888888888889,1.5,0,0.23333333333333334,0.5777777777777777,16.583333333333332,0.8291666666666667,2.2172270338459232,8.15,0.4075,2.9568866846760082,NA,NA,NA,NA,NA,NA,NA,NA,NA,NA,NA,NA,NA,NA,NA,NA,NA,NA,NA,NA,NA,NA,NA,0.1418,49,20
d5-t2-TZ5-b-5TY3-d,5,2,5,baseline,5TY3-d,TY,IA,1200,17.733333333333334,0.8866666666666667,1.2166666666666666,1.0432169720192537,4,2.7608478428867134,0,0,0,0,0.8375,0.7541666666666667,0.7675,0.7863888888888889,3.1,3.316666666666667,3.3333333333333335,3.25,16.666666666666668,0.8333333333333334,1.7002585411632165,10.333333333333334,0.5166666666666667,5.384240571243645,NA,NA,NA,NA,NA,NA,NA,NA,NA,NA,NA,NA,NA,NA,NA,NA,NA,NA,NA,NA,NA,NA,NA,0.2167,23,20
d5-t2-TZ5-t-5TZ2-i,5,2,5,trial,5TZ2-i,TZ,IB,5401,48.7,0.5410109239029809,5.433333333333334,0.6865276741118108,0,1.9205290093829885,1,0,0,0.33333333333333337,0.8020736900573968,0.7707831882984633,0.8405850768376226,0.8044806517311609,1.4166666666666667,0.9833333333333333,1.1,1.1666666666666667,64.6,0.7176448805776708,2.2406005636999016,41.583333333333336,0.4619514904647288,3.7040734751738604,6.5,TRUE,0.8694962528392944,0.92423986702914,0.4324871196253693,1.0971243870613394,0.30444444444444524,0.4604275981149694,18.25,TRUE,0.19606813643937446,16.65,TRUE,0.28634088290633836,11.866666666666667,TRUE,0.24169303552457802,15.58888888888889,2.566666666666667,2.566666666666667,0.7833333333333333,3.216056381389711,3.216056381389711,0.1418,49,90.01666666666667
d5-t2-TZ5-t-5TY3-d,5,2,5,trial,5TY3-d,TY,IA,5368,57.35,0.6410208643815202,11.733333333333333,0.7249157207830033,3,2.1289859882694953,94,0,80,58,0.7570789865871833,0.6456780923994039,0.6402757078986587,0.6810109289617486,1.3333333333333333,0,9.283333333333333,3.5388888888888888,64.3,0.7187034277198212,2.1533620872743993,46.03333333333333,0.5145305514157973,4.3557456561794545,NA,FALSE,NA,NA,1.238020052323362,1.1706681900030127,0.942222222222222,0.23345248295329557,NA,FALSE,0.22342200962039868,NA,FALSE,0.3247766263197546,NA,FALSE,0.19606813643937054,NA,64.3,46.03333333333333,57.35,2.1533620872743993,4.3557456561794545,0.2167,23,89.46666666666667
d5-t2-TZ7-b-5TY1-i,5,2,7,baseline,5TY1-i,TY,IB,1200,19.9,0.995,0,1.690524173372105,315,4.1283998573481835,91,77,52,73.33333333333333,0.6783333333333333,0.8691666666666666,0.7308333333333333,0.7594444444444445,0,0,0,0,15.7,0.785,1.9124564290068,12.516666666666667,0.6258333333333334,3.651892104170859,NA,NA,NA,NA,NA,NA,NA,NA,NA,NA,NA,NA,NA,NA,NA,NA,NA,NA,NA,NA,NA,NA,NA,0.1048,51,20
d5-t2-TZ7-t-5TY1-i,5,2,7,trial,5TY1-i,TY,IB,5401,71.9,0.7987409738937233,8.966666666666667,0.9676263273924438,0,0.4788476476976043,53,0,3,18.666666666666664,0.5026846880207368,0.3571560822069987,0.44065913719681543,0.433499969141517,0,13.466666666666667,13.233333333333333,8.9,63.81666666666667,0.7089427883725236,2.17095380261474,57.63333333333333,0.6402518052212554,3.1306603012392635,83.75,TRUE,0.7024465090553816,0.986869608184106,1.720673065969314,1.448981478244401,0.9933333333333334,0.081422284612942,83.36666666666666,TRUE,0.4684272103701394,83.85,TRUE,0.3401236443371058,83.4,TRUE,0.3825381476837551,83.53888888888888,58.53333333333333,52.96666666666667,64.66666666666667,2.172374016774553,3.119286313019733,0.1048,51,90.01666666666667
d5-t2-TZ8-b-5TZ1-d,5,2,8,baseline,5TZ1-d,TZ,IA,1200,13.6,0.68,0,1.2417551763323982,21,6.217693186055085,0,29,0,9.666666666666668,0.8,0.7633333333333333,0.8333333333333334,0.7988888888888889,1.6,0,0,0.5333333333333333,9.9,0.495,3.377018740341121,8.45,0.4225,4.536068190592881,NA,NA,NA,NA,NA,NA,NA,NA,NA,NA,NA,NA,NA,NA,NA,NA,NA,NA,NA,NA,NA,NA,NA,0.2227,21,20
d5-t2-TZ8-b-5TX2-i,5,2,8,baseline,5TX2-i,TX,IB,1200,13.3,0.665,2.9166666666666665,1.3346546252532483,0,1.24135546828289,0,0,26,8.666666666666668,0.885,0.7516666666666667,0.865,0.8338888888888889,0,0.7833333333333333,0,0.2611111111111111,18.116666666666667,0.9058333333333334,1.4189747294158086,15.383333333333333,0.7691666666666667,3.138428338774896,NA,NA,NA,NA,NA,NA,NA,NA,NA,NA,NA,NA,NA,NA,NA,NA,NA,NA,NA,NA,NA,NA,NA,0.2471,47,20
d5-t2-TZ8-t-5TZ1-d,5,2,8,trial,5TZ1-d,TZ,IA,5401,36.916666666666664,0.4101092390298093,19.25,0.6144511324458496,0,3.608788974729115,0,0,0,0,0.5928531753379004,0.7937418996482133,0.6235882244028883,0.670061099796334,15.383333333333333,1.4833333333333334,6.05,7.638888888888888,36.43333333333333,0.4047398629883355,3.4810466867002012,28.583333333333332,0.3175337900388817,4.759053542711775,NA,FALSE,NA,NA,1.5157015855502478,1.6203007108745187,0.7722222222222224,0.41963164571063766,NA,FALSE,0.3352632304499751,NA,FALSE,0.3561768456418802,NA,FALSE,0.33526323044997447,NA,36.43333333333333,28.583333333333332,36.916666666666664,3.4810466867002012,4.759053542711775,0.2227,21,90.01666666666667
d5-t2-TZ8-t-5TX2-i,5,2,8,trial,5TX2-i,TX,IB,5401,31.883333333333333,0.354193667839289,18.4,0.5156056492983971,0,1.1975166193795568,0,0,4,1.3333333333333335,0.3510461025735975,0.46861692279207556,0.4580633216071098,0.42590878232426094,17.95,16.466666666666665,16.25,16.88888888888889,84.46666666666667,0.9383447509720422,1.3160779597069754,79.73333333333333,0.8857618959451954,1.8463518145510684,NA,FALSE,NA,NA,1.6745256517875475,1.7101422521261314,0.7722222222222201,0.41963164571063843,NA,FALSE,0.26443261445721944,NA,FALSE,0.3277244080069513,NA,FALSE,0.20619499562426508,NA,84.46666666666667,79.73333333333333,31.883333333333333,1.3160779597069754,1.8463518145510684,0.2471,47,90.01666666666667
d5-t2-TZ9-b-5TZ3-i,5,2,9,baseline,5TZ3-i,TZ,IB,1200,18.666666666666668,0.9333333333333333,0,1.6039805531787614,137,0.6350878612524343,138,34,0,57.33333333333333,0.9766666666666667,0.8716666666666667,0.595,0.8144444444444444,0,0,0,0,15.866666666666667,0.7933333333333333,1.7949251505550332,15.05,0.7525,2.6323598817215226,NA,NA,NA,NA,NA,NA,NA,NA,NA,NA,NA,NA,NA,NA,NA,NA,NA,NA,NA,NA,NA,NA,NA,0.1537,37,20
d5-t2-TZ9-t-5TZ3-i,5,2,9,trial,5TZ3-i,TZ,IB,5400,71.4,0.7933333333333333,1.6833333333333333,1.4757932742835798,0,1.0917865690317023,2,3,13,6,0.8918518518518519,0.8798148148148148,0.5666666666666667,0.7794444444444445,1.5666666666666667,1.9166666666666667,1.4833333333333334,1.6555555555555554,85.13333333333334,0.945925925925926,1.111188280128268,65.53333333333333,0.7281481481481481,2.8871641790578675,42.016666666666666,TRUE,0.808527233180085,0.8865753190332991,1.8127972035140973,1.5419084469965056,0.942222222222222,0.23345248295329574,46.1,TRUE,0.05767076977393474,18.133333333333333,TRUE,0.1934376356801833,41.35,TRUE,0.48216235224930887,35.19444444444444,37.38333333333333,23.1,26.833333333333332,1.537441145234779,3.9149605722286,0.1537,37,90
d6-t1-TZ1-b-6TY2-i,6,1,1,baseline,6TY2-i,TY,IB,1200,0.05,0.0025,NA,2.391870841890423e-16,1,5.2620590882221645,473,0,0,157.66666666666669,0.024166666666666666,0.005833333333333334,0.0033333333333333335,0.011111111111111112,NA,NA,NA,NA,20,1,0.782786719012461,0,0,5.2620590882221645,NA,NA,NA,NA,NA,NA,NA,NA,NA,NA,NA,NA,NA,NA,NA,NA,NA,NA,NA,NA,NA,NA,NA,0.1382,16,20
d6-t1-TZ1-t-6TY2-i,6,1,1,trial,6TY2-i,TY,IB,5401,16.8,0.18663210516571005,55.11666666666667,0.3506335490383615,0,5.134055537188766,1217,0,0,405.66666666666663,0.3715978522495834,0.26513608591001664,0.3530827624513979,0.329938900203666,33.68333333333333,25.4,28.433333333333334,29.17222222222222,88.65,0.9848176263654879,1.1133134292771252,24.4,0.271060914645436,4.099784471968889,18.983333333333334,TRUE,0.9774280652048762,0.9864091703815393,1.3800244164592318e-16,4.140073249377639e-15,0.002222222222222266,0.047114226512634395,24.583333333333332,TRUE,0.1954487124144626,6.7,TRUE,0.08789691831157316,7.2,TRUE,0.1507252708489285,12.827777777777778,17.466666666666665,0,0,0.6796964973793136,5.172249060326886,0.1382,16,90.01666666666667
d6-t1-TZ2-b-6TZ3-d,6,1,2,baseline,6TZ3-d,TZ,IA,1200,11.133333333333333,0.5566666666666666,7.883333333333334,0.6410438726583328,0,1.158074823704017,0,0,0,0,0.42833333333333334,0.5366666666666666,0.43416666666666665,0.46638888888888885,8.3,7.95,8.216666666666667,8.155555555555555,12.716666666666667,0.6358333333333334,2.5045452013298606,11.633333333333333,0.5816666666666667,3.0247482704441913,NA,NA,NA,NA,NA,NA,NA,NA,NA,NA,NA,NA,NA,NA,NA,NA,NA,NA,NA,NA,NA,NA,NA,0.1072,50,20
d6-t1-TZ2-b-6TX1-i,6,1,2,baseline,6TX1-i,TX,IB,1200,11.033333333333333,0.5516666666666666,4.1,0.464068844705056,0,7.421254673924651,187,74,17,92.66666666666667,0.8866666666666667,0.9008333333333334,0.8008333333333333,0.8627777777777778,0,0,0,0,8.266666666666667,0.41333333333333333,3.6751045804697293,7.066666666666666,0.35333333333333333,4.654402775003633,NA,NA,NA,NA,NA,NA,NA,NA,NA,NA,NA,NA,NA,NA,NA,NA,NA,NA,NA,NA,NA,NA,NA,0.1518,26,20
d6-t1-TZ2-t-6TZ3-d,6,1,2,trial,6TZ3-d,TZ,IA,5401,62.15,0.6904276985743381,13.1,0.9461569288443719,0,1.832063709738796,0,0,2,0.6666666666666667,0.47028328087391225,0.5630438807628217,0.7115349009442696,0.5816206875270012,15.816666666666666,20.65,14.516666666666667,16.994444444444444,69.71666666666667,0.7744862062581004,1.8151619305079605,59.55,0.6615441584891687,3.122583671712681,29.916666666666668,TRUE,0.8830846251609938,0.9221717560572456,0.8030628358452229,0.9233115404031244,0.7277777777777806,0.44535116383301904,22.283333333333335,TRUE,0.49610521129078916,21.85,TRUE,0.45140027128818344,16.416666666666668,TRUE,0.4940118493813005,20.183333333333334,17.55,15.066666666666666,10.566666666666666,2.4825856246478115,3.149124574327458,0.1072,50,90.01666666666667
d6-t1-TZ2-t-6TX1-i,6,1,2,trial,6TX1-i,TX,IB,5401,77.5,0.8609516756156267,4.516666666666667,0.8967680580453701,0,2.230554644816008,7,4,2,4.333333333333333,0.6535826698759489,0.9812997593038326,0.947602295871135,0.8608282416836388,0,0,1.0166666666666666,0.3388888888888889,58.78333333333333,0.6530272171820033,2.696916462642651,49.96666666666667,0.555082392149602,3.9639617471369677,8.433333333333334,TRUE,0.8047198302405062,0.9843216950295218,0.5394543024468856,0.5582123859497291,0.6844444444444462,0.464995152560309,8.4,TRUE,0.35507688549284117,6.4,TRUE,0.3185273089090261,8.4,TRUE,0.4027022184591839,7.733333333333333,5.583333333333333,5.583333333333333,1.55,2.603296127049756,2.603296127049756,0.1518,26,90.01666666666667
d6-t1-TZ3-b-6TX2-i,6,1,3,baseline,6TX2-i,TX,IB,1200,0.06666666666666667,0.0033333333333333335,NA,0.15187232002100015,0,0.6667697247173268,11,0,0,3.666666666666667,0.03166666666666667,0,0,0.010555555555555558,NA,NA,NA,NA,20,1,0.937393432485943,20,1,0.937393432485943,NA,NA,NA,NA,NA,NA,NA,NA,NA,NA,NA,NA,NA,NA,NA,NA,NA,NA,NA,NA,NA,NA,NA,0.1502,14,20
d6-t1-TZ3-t-6TX2-i,6,1,3,trial,6TX2-i,TX,IB,5401,42.8,0.4754675060174042,16.483333333333334,0.4728481207499944,0,0.6578718706351198,0,0,0,0,0.3236437696722829,0.38548416959822257,0.19274208479911129,0.3006233413565389,35.833333333333336,33.333333333333336,36.65,35.272222222222226,84.7,0.9409368635437881,1.1288862241309026,79.45,0.8826143306795038,1.74631857955807,7.333333333333333,TRUE,0.9681527674075101,0.9810060381515386,0.13689486469958878,0.0383582230692378,0.004444444444444518,0.06655533900758112,5.683333333333334,TRUE,0.12381685774869641,10,TRUE,0,10,TRUE,0,8.56111111111111,6.066666666666666,6.066666666666666,0,0.6635423145632435,0.6635423145632435,0.1502,14,90.01666666666667
d6-t1-TZ4-b-6TZ2-d,6,1,4,baseline,6TZ2-d,TZ,IA,1200,9.516666666666667,0.47583333333333333,1.55,0.502340995419687,0,2.3846311085075587,0,5,0,1.6666666666666665,0.6116666666666667,0.8816666666666667,0.7316666666666667,0.7416666666666667,0.6166666666666667,0,0.7166666666666667,0.4444444444444445,17.133333333333333,0.8566666666666667,1.709962989374705,14.5,0.725,2.680457053148185,NA,NA,NA,NA,NA,NA,NA,NA,NA,NA,NA,NA,NA,NA,NA,NA,NA,NA,NA,NA,NA,NA,NA,0.1451,4,20
d6-t1-TZ4-b-6TY1-d,6,1,4,baseline,6TY1-d,TY,IA,1196,5.35,0.2683946488294314,11.166666666666666,0.4091441664961044,0,3.1457773717195896,19,0,0,6.333333333333334,0.45735785953177255,0.33277591973244147,0.3076923076923077,0.36594202898550726,0,2.783333333333333,9.133333333333333,3.972222222222222,13.366666666666667,0.6705685618729097,2.22659599477689,10.65,0.5342809364548495,2.6953938752952955,NA,NA,NA,NA,NA,NA,NA,NA,NA,NA,NA,NA,NA,NA,NA,NA,NA,NA,NA,NA,NA,NA,NA,0.1185,34,19.933333333333334
d6-t1-TZ4-t-6TZ2-d,6,1,4,trial,6TZ2-d,TZ,IA,5401,48.766666666666666,0.5417515274949084,12.566666666666666,0.8177649505054813,0,1.4218637444925541,0,0,10,3.333333333333333,0.7087576374745418,0.6730235141640437,0.7370857248657656,0.7062889588347837,12.783333333333333,9.15,0.9333333333333333,7.622222222222222,88.65,0.9848176263654879,1.0304458246377703,83,0.922051471949639,1.6154676526461602,13.35,TRUE,0.8022759752880413,0.8747583372770801,0.58220818657709,0.9441674070998197,0.5055555555555555,0.500247127162005,13.666666666666666,TRUE,0.4869969064573473,60.21666666666667,TRUE,0.2748557222002129,9.95,TRUE,0.41372300934770795,27.944444444444446,12.8,12.8,0.3333333333333333,1.5425930607510587,1.5425930607510587,0.1451,4,90.01666666666667
d6-t1-TZ4-t-6TY1-d,6,1,4,trial,6TY1-d,TY,IA,5401,66.86666666666666,0.7428254027032031,16.133333333333333,1.971582052309246,0,3.494763405470412,0,54,0,18,0.7046843177189409,0.6296982040362896,0.6743195704499166,0.6695673640683824,14.433333333333334,15.733333333333333,20.533333333333335,16.9,67.03333333333333,0.7446769116830216,1.4951572895407967,64.6,0.7176448805776708,1.826062008977077,7.233333333333333,TRUE,0.827494980353703,0.9505276398533158,0.4724863538105728,1.2722850069538825,0.35491071428571525,0.478753494212073,18.283333333333335,TRUE,0.4997836634939067,16.3,TRUE,0.46925496531140637,20.933333333333334,TRUE,0.47928153497334464,18.505555555555553,0,0,1.15,3.7802023679908636,3.7802023679908636,0.1185,34,90.01666666666667
d6-t1-TZ5-b-6TZ1-i,6,1,5,baseline,6TZ1-i,TZ,IB,1200,19.316666666666666,0.9658333333333333,0,1.1545827410286875,184,2.569389628122928,237,15,788,346.6666666666667,0.9141666666666667,0.9091666666666667,0.9508333333333333,0.9247222222222222,0,0,0,0,14.616666666666667,0.7308333333333333,2.071969591459956,10.866666666666667,0.5433333333333333,4.535067541917076,NA,NA,NA,NA,NA,NA,NA,NA,NA,NA,NA,NA,NA,NA,NA,NA,NA,NA,NA,NA,NA,NA,NA,0.1191,54,20
d6-t1-TZ5-b-6TY2-i,6,1,5,baseline,6TY2-i,TY,IB,1197,18.216666666666665,0.9131161236424394,0,0.8647207420738371,5,1.164305574154548,0,433,11,148,0.6942355889724311,0.9323308270676691,0.8521303258145363,0.8262322472848789,0.9833333333333333,0,0,0.3277777777777777,15.716666666666667,0.7878028404344194,1.3865284356350702,14.933333333333334,0.7485380116959064,1.7864594241108653,NA,NA,NA,NA,NA,NA,NA,NA,NA,NA,NA,NA,NA,NA,NA,NA,NA,NA,NA,NA,NA,NA,NA,0.1172,12,19.95
d6-t1-TZ5-t-6TZ1-i,6,1,5,trial,6TZ1-i,TZ,IB,5401,74.41666666666667,0.8266987594889835,12.166666666666666,1.2239837977273147,0,1.176513974576979,0,0,50,16.666666666666664,0.8853915941492316,0.8489168672468062,0.9209405665617478,0.8850830093192619,2.55,4.633333333333334,0,2.3944444444444444,68.05,0.7559711164599149,2.033910341414569,58.166666666666664,0.6461766339566747,3.695901762642614,13.95,TRUE,0.5913329805725556,0.8958672870825282,1.2112258518434815,1.0897090539400707,0.9666666666666666,0.17960530202677533,13.95,TRUE,0.31444442042438514,13.316666666666666,TRUE,0.3088606209984682,13.316666666666666,TRUE,0.24764120189207556,13.527777777777777,11.833333333333334,11.833333333333334,1.1333333333333333,1.8201545890057984,1.8201545890057984,0.1191,54,90.01666666666667
d6-t1-TZ5-t-6TY2-i,6,1,5,trial,6TY2-i,TY,IB,5382,69.83333333333333,0.7785209959123003,6.516666666666667,0.6964965919773803,0,0.6541542620104137,0,230,243,157.66666666666666,0.8918617614269788,0.6917502787068004,0.825157933853586,0.8029233246624551,3.0166666666666666,4.066666666666666,4.25,3.7777777777777777,72.08333333333333,0.803604607952434,1.5351118621964905,67.08333333333333,0.7478632478632479,2.155952004429519,14.416666666666666,TRUE,0.5785881518237659,0.8569966582954718,0.7784526701911608,1.0710197063513889,0.8955555555555564,0.3060062854637053,8.05,TRUE,0.44591833228252314,48.36666666666667,TRUE,0.2863408829063382,9.216666666666667,TRUE,0.39075175764395825,21.87777777777778,13.3,13.3,3.95,0.7603683835855134,0.7603683835855134,0.1172,12,89.7
d6-t1-TZ6-b-6TZ1-d,6,1,6,baseline,6TZ1-d,TZ,IA,1200,7.75,0.3875,11.933333333333334,0.3569203863725201,0,0.7331103505496713,40,0,8,16,0.8391666666666666,0.8133333333333334,0.9258333333333333,0.8594444444444445,0,0.85,0,0.2833333333333333,11.766666666666667,0.5883333333333334,2.5683012465568917,11.25,0.5625,3.0979250894254795,NA,NA,NA,NA,NA,NA,NA,NA,NA,NA,NA,NA,NA,NA,NA,NA,NA,NA,NA,NA,NA,NA,NA,0.1778,38,20
d6-t1-TZ6-t-6TZ1-d,6,1,6,trial,6TZ1-d,TZ,IA,5401,72.93333333333334,0.8102203295685985,9.75,0.9831603150887582,0,3.727890398720661,194,0,120,104.66666666666667,0.9100166635808183,0.8655804480651731,0.9103869653767821,0.8953280256742578,2.2,4.15,3.6,3.316666666666667,60.766666666666666,0.6750601740418442,2.248605136423513,57.583333333333336,0.6396963525273097,2.772480357063587,11.166666666666666,TRUE,0.8105689887140084,0.9757975739297449,0.42778894884068275,0.5095980817582497,0.5166666666666634,0.5000000000000028,11.05,TRUE,0.3436860973063185,5.966666666666667,TRUE,0.3561768456418803,11.05,TRUE,0.21104117127542318,9.355555555555556,0.05,0.05,0.6333333333333333,3.941206961999355,3.941206961999355,0.1778,38,90.01666666666667
d6-t1-TZ7-b-6TY1-i,6,1,7,baseline,6TY1-i,TY,IB,1200,8.116666666666667,0.4058333333333333,1.05,0.5156475727714547,0,5.895557623293451,181,0,0,60.33333333333333,0.8675,0.7991666666666667,0.6516666666666666,0.7727777777777778,0,0,0.7333333333333333,0.24444444444444446,19.316666666666666,0.9658333333333333,0.9985936831050723,1.8,0.09,10.116816735403543,NA,NA,NA,NA,NA,NA,NA,NA,NA,NA,NA,NA,NA,NA,NA,NA,NA,NA,NA,NA,NA,NA,NA,0.1588,24,20
d6-t1-TZ7-b-6TX3-d,6,1,7,baseline,6TX3-d,TX,IA,1200,1.5666666666666667,0.07833333333333334,19.866666666666667,0.2468050747800567,0,0.8686824220390623,0,0,0,0,0.14,0.17083333333333334,0.3425,0.2177777777777778,12.383333333333333,2.9,3.816666666666667,6.366666666666666,20,1,0.8346717429206322,20,1,0.8346717429206322,NA,NA,NA,NA,NA,NA,NA,NA,NA,NA,NA,NA,NA,NA,NA,NA,NA,NA,NA,NA,NA,NA,NA,0.1141,48,20
d6-t1-TZ7-t-6TY1-i,6,1,7,trial,6TY1-i,TY,IB,5401,50.45,0.5604517681910757,7.1,1.2571371496113077,0,4.299635735217068,3,0,0,1,0.6450657285687835,0.6595074986113683,0.7444917607850398,0.6830216626550638,18.566666666666666,20.4,13.5,17.488888888888887,87.93333333333334,0.9768561377522681,0.6827302910349146,65.53333333333333,0.7280133308646547,2.586113503422877,5.866666666666666,TRUE,0.7862738446192767,0.9198523624006233,0.4917700940154788,1.3292153403222091,0.4144444444444459,0.4928997784244609,21.666666666666668,TRUE,0.3460228327239165,21.033333333333335,TRUE,0.4002224075790423,19.95,TRUE,0.4604275981149693,20.883333333333333,4.583333333333333,0,0.43333333333333335,1.4824252702399565,4.807505824191795,0.1588,24,90.01666666666667
d6-t1-TZ7-t-6TX3-d,6,1,7,trial,6TX3-d,TX,IA,5401,51.9,0.5765598963154971,31.533333333333335,0.9508503170238959,0,0.6861671306154714,10,0,0,3.333333333333333,0.567672653212368,0.6032216256248842,0.6365487872616182,0.6024810220329568,24.7,24.533333333333335,21.4,23.544444444444444,85.85,0.9537122755045362,1.1544066293631012,82.41666666666667,0.915571190520274,1.478328703661142,7.083333333333333,TRUE,0.8561141571559083,0.9408745299026244,0.2528545536672215,0.279800074735612,0.10222222222222088,0.3031087639011394,5.1,TRUE,0.38159841799202315,11.716666666666667,TRUE,0.3728852122772354,28.6,TRUE,0.475450985745899,15.13888888888889,6.533333333333333,6.533333333333333,0,0.7367950354979785,0.7367950354979785,0.1141,48,90.01666666666667
d6-t1-TZ8-b-6TZ2-i,6,1,8,baseline,6TZ2-i,TZ,IB,1200,5.316666666666666,0.2658333333333333,12.2,0.5966240215671839,0,4.202052995993209,44,46,178,89.33333333333333,0.8341666666666666,0.7491666666666666,0.89,0.8244444444444444,0,0,0,0,18.283333333333335,0.9141666666666667,1.6954503158366727,4.783333333333333,0.23916666666666667,4.3197774011790635,NA,NA,NA,NA,NA,NA,NA,NA,NA,NA,NA,NA,NA,NA,NA,NA,NA,NA,NA,NA,NA,NA,NA,0.1618,22,20
d6-t1-TZ8-t-6TZ2-i,6,1,8,trial,6TZ2-i,TZ,IB,5401,61.666666666666664,0.68505832253286425,13.466666666666667,1.2496378651700528,0,1.4769073074843613,3,2,14,6.333333333333333,0.7687465284206628,0.725050916496945,0.7624513978892797,0.7520829476022959,10.316666666666666,10.583333333333334,13.3,11.4,64.85,0.7204221440473987,2.5305005400704252,54.46666666666667,0.6050731346047028,3.9853763798241486,14,TRUE,0.7176348071776643,0.9652822057871006,0.6880789893182319,1.3806885482483695,0.3544444444444438,0.478610593654614,14.1,TRUE,0.3364904254976895,14.283333333333333,TRUE,0.3933949789239671,16,TRUE,0.2697151484028359,14.794444444444444,13.3,13.3,0.26666666666666666,1.8851105005972935,1.8851105005972935,0.1618,22,90.01666666666667
d6-t1-TZ9-b-6TX1-d,6,1,9,baseline,6TX1-d,TX,IA,1200,19.35,0.9675,0,1.7048476859383486,47,5.640461661656052,1008,57,76,380.33333333333337,0.9983333333333333,0.8758333333333334,0.95,0.9413888888888888,0,0,0,0,14.316666666666666,0.7158333333333333,2.1076732503426183,12.966666666666667,0.6483333333333333,3.038618190031127,NA,NA,NA,NA,NA,NA,NA,NA,NA,NA,NA,NA,NA,NA,NA,NA,NA,NA,NA,NA,NA,NA,NA,0.1819,36,20
d6-t1-TZ9-t-6TX1-d,6,1,9,trial,6TX1-d,TX,IA,5401,71.4,0.7931864469542678,14.283333333333333,1.356396185176337,0,5.313011237667007,0,0,0,0,0.8403999259396409,0.7783743751157193,0.7935567487502314,0.8041103499351971,10.666666666666666,7.5,6.833333333333333,8.333333333333334,66.28333333333333,0.7363451212738382,1.9018317569495442,53.88333333333333,0.598592853175338,3.4148937595098974,27.066666666666666,TRUE,0.7704866003158497,0.8477496084956695,1.8824197770335578,1.139798902558012,0.9944444444444445,0.07436959548210371,27.183333333333334,TRUE,0.047114226512634465,21.933333333333334,TRUE,0.3130637295766143,29.083333333333332,TRUE,0.176687967877927,26.066666666666666,13.266666666666667,12.583333333333334,10.366666666666667,2.6329912654712317,3.2319871043894177,0.1819,36,90.01666666666667
